Episode,Total_Reward,Cumulative_Reward,Epsilon,Learning_Rate,Gamma,Batch_Size,Epsilon_Decay,Steps_Per_Episode,ON_Percent,OFF_Percent
1,-27.29310853654163,-27.29310853654163,0.3669578217261671,0.001,0.99,64,0.995,200,32.5,67.5
2,24.639999999999965,-2.6531085365417155,0.1346580429260134,0.001,0.99,64,0.995,200,24.5,75.5
3,-32.09002416430939,-34.743132700851106,0.0494138221100385,0.001,0.99,64,0.995,200,20.5,79.5
4,-15.874887775401616,-50.61802047625277,0.018132788524664028,0.001,0.99,64,0.995,200,21.0,79.0
5,16.337119070987725,-34.28090140526507,0.006653968578831948,0.001,0.99,64,0.995,200,7.000000000000001,93.0
6,-25.89561886486373,-60.176520270128776,0.002441725815522529,0.001,0.99,64,0.995,200,25.0,75.0
7,-23.713390774951005,-83.88991104507971,0.0008960103865166974,0.001,0.99,64,0.995,200,25.5,74.5
8,-37.201970094346876,-121.0918811394268,0.0003287980196801882,0.001,0.99,64,0.995,200,18.5,81.5
9,-32.36557605455984,-153.45745719398673,0.0001206550050897193,0.001,0.99,64,0.995,200,18.5,81.5
10,-32.54709746473509,-186.0045546587217,4.4275297848083e-05,0.001,0.99,64,0.995,200,18.0,82.0
11,-7.368968857470808,-193.37352351619205,1.6247166854609775e-05,0.001,0.99,64,0.995,200,17.0,83.0
12,-24.24000000000002,-217.61352351618984,5.962024958189189e-06,0.001,0.99,64,0.995,200,17.0,83.0
13,1.2000000000000008,-216.41352351618747,2.1878116917341465e-06,0.001,0.99,64,0.995,200,19.0,81.0
14,-53.91341710081219,-270.32694061699965,8.028346127458031e-07,0.001,0.99,64,0.995,200,17.0,83.0
15,5.399999999999993,-264.9269406170012,2.94606440699571e-07,0.001,0.99,64,0.995,200,16.0,84.0
16,41.724582865482304,-223.20235775151895,1.0810813774561376e-07,0.001,0.99,64,0.995,200,10.5,89.5
17,36.87999999999992,-186.3223577515172,3.967112673800288e-08,0.001,0.99,64,0.995,200,11.0,89.0
18,41.57404214913288,-144.7483156023843,1.4557630253200242e-08,0.001,0.99,64,0.995,200,19.0,81.0
19,53.5199999999999,-91.22831560238474,5.342036287209309e-09,0.001,0.99,64,0.995,200,9.5,90.5
20,32.82748843367635,-58.4008271687084,1.960301999536469e-09,0.001,0.99,64,0.995,200,11.5,88.5
21,62.377496341124285,3.9766691724159124,7.193481516753529e-10,0.001,0.99,64,0.995,200,17.0,83.0
22,39.420067216469526,43.39673638888542,2.63970430801532e-10,0.001,0.99,64,0.995,200,16.0,84.0
23,62.719999999999864,106.11673638888506,9.686601428704811e-11,0.001,0.99,64,0.995,200,10.5,89.5
24,21.105366710061627,127.22210309894668,3.554574160207097e-11,0.001,0.99,64,0.995,200,8.5,91.5
25,32.799999999999905,160.0221030989491,1.3043787909937144e-11,0.001,0.99,64,0.995,200,16.5,83.5
26,26.764141742017465,186.7862448409666,4.786519998488651e-12,0.001,0.99,64,0.995,200,8.0,92.0
27,-16.716173669133955,170.07007117183267,1.7564509522941327e-12,0.001,0.99,64,0.995,200,18.0,82.0
28,39.32162624100259,209.3916974128354,6.445434154227066e-13,0.001,0.99,64,0.995,200,9.0,91.0
29,40.76478204695256,250.15647945978796,2.3652024773146023e-13,0.001,0.99,64,0.995,200,18.5,81.5
30,32.853672024562776,283.01015148435073,8.679295490167e-14,0.001,0.99,64,0.995,200,13.0,87.0
31,66.82707893742514,349.8372304217758,3.1849353671894247e-14,0.001,0.99,64,0.995,200,7.000000000000001,93.0
32,34.301326196991425,384.13855661876744,1.1687369446824622e-14,0.001,0.99,64,0.995,200,20.0,80.0
33,22.060611316547543,406.19916793531513,4.288771633915727e-15,0.001,0.99,64,0.995,200,17.0,83.0
34,45.94806481176169,452.14723274707643,1.5737982966626908e-15,0.001,0.99,64,0.995,200,11.5,88.5
35,50.872100553575294,503.01933330065145,5.775175947796936e-16,0.001,0.99,64,0.995,200,17.5,82.5
36,22.0281487542475,525.0474820548995,2.1192459858889142e-16,0.001,0.99,64,0.995,200,19.5,80.5
37,77.07999999999986,602.1274820549035,7.776738906837189e-17,0.001,0.99,64,0.995,200,10.0,90.0
38,55.094059189776225,657.2215412446812,2.853735169386108e-17,0.001,0.99,64,0.995,200,13.0,87.0
39,20.535895873331683,677.7574371180128,1.0472004415412804e-17,0.001,0.99,64,0.995,200,21.5,78.5
40,12.473139295847487,690.2305764138597,3.842783929386681e-18,0.001,0.99,64,0.995,200,25.5,74.5
41,26.525602138233037,716.7561785520925,1.410139620092056e-18,0.001,0.99,64,0.995,200,10.5,89.5
42,52.23330551310534,768.9894840651974,5.174617633187462e-19,0.001,0.99,64,0.995,200,10.0,90.0
43,43.99814404986097,812.987628115058,1.8988664149402843e-19,0.001,0.99,64,0.995,200,22.0,78.0
44,40.3258111515726,853.3134392666303,6.968038833754627e-20,0.001,0.99,64,0.995,200,22.5,77.5
45,57.69503926293123,911.0084785295625,2.5569763521379393e-20,0.001,0.99,64,0.995,200,10.5,89.5
46,31.067906398890383,942.076384928453,9.383024723858578e-21,0.001,0.99,64,0.995,200,11.5,88.5
47,32.00671950716789,974.0831044356212,3.4431743138699105e-21,0.001,0.99,64,0.995,200,22.0,78.0
48,41.159027125613214,1015.2421315612341,1.2634997460411925e-21,0.001,0.99,64,0.995,200,9.5,90.5
49,30.692145143143044,1045.9342767043775,4.636511145588412e-22,0.001,0.99,64,0.995,200,16.0,84.0
50,25.96274418099108,1071.897020885369,1.7014040303942196e-22,0.001,0.99,64,0.995,200,16.5,83.5
51,74.34957123315696,1146.24659211852,6.24343516869584e-23,0.001,0.99,64,0.995,200,10.5,89.5
52,58.05483531088453,1204.301427429405,2.2910773695931673e-23,0.001,0.99,64,0.995,200,14.000000000000002,86.0
53,58.67999999999986,1262.9814274293894,8.407287609520256e-24,0.001,0.99,64,0.995,200,21.0,79.0
54,10.145675407582324,1273.12710283697,3.08511994781495e-24,0.001,0.99,64,0.995,200,10.0,90.0
55,41.221256260914195,1314.348359097884,1.1321088958141194e-24,0.001,0.99,64,0.995,200,26.0,74.0
56,47.31267851660934,1361.6610376144922,4.154362143647653e-25,0.001,0.99,64,0.995,200,11.0,89.0
57,34.841310550045435,1396.502348164538,1.524475682894593e-25,0.001,0.99,64,0.995,200,12.0,88.0
58,43.54170022447556,1440.0440483890131,5.594182758695109e-26,0.001,0.99,64,0.995,200,20.0,80.0
59,38.47190351439717,1478.515951903411,2.0528291194688382e-26,0.001,0.99,64,0.995,200,20.5,79.5
60,22.531588338238883,1501.0475402416496,7.53301702056331e-27,0.001,0.99,64,0.995,200,20.0,80.0
61,14.512694108062096,1515.5602343497114,2.764299516892055e-27,0.001,0.99,64,0.995,200,26.5,73.5
62,5.187103142105937,1520.7473374918175,1.0143813293174033e-27,0.001,0.99,64,0.995,200,20.0,80.0
63,10.687952625898772,1531.4352901177165,3.7223516300600806e-28,0.001,0.99,64,0.995,200,16.5,83.5
64,28.93685945097124,1560.3721495686877,1.365946045865694e-28,0.001,0.99,64,0.995,200,26.0,74.0
65,18.391584249301804,1578.7637338179911,5.012445855863467e-29,0.001,0.99,64,0.995,200,15.0,85.0
66,43.05613159291007,1621.819865410902,1.8393562127880112e-29,0.001,0.99,64,0.995,200,15.5,84.5
67,66.31999999999984,1688.1398654108866,6.74966149223181e-30,0.001,0.99,64,0.995,200,15.0,85.0
68,61.35999999999984,1749.4998654108708,2.4768410785783737e-30,0.001,0.99,64,0.995,200,24.0,76.0
69,58.95999999999985,1808.4598654108552,9.088962069570092e-31,0.001,0.99,64,0.995,200,23.5,76.5
70,76.2990404855992,1884.7589058964509,3.3352657228011946e-31,0.001,0.99,64,0.995,200,10.0,90.0
71,-3.8257326742164555,1880.9331732222342,1.2239018445170778e-31,0.001,0.99,64,0.995,200,16.5,83.5
72,35.78969022325351,1916.7228634454887,4.491203548706252e-32,0.001,0.99,64,0.995,200,12.5,87.5
73,25.522152766389986,1942.2450162118787,1.6480822711620782e-32,0.001,0.99,64,0.995,200,20.5,79.5
74,42.768817571631445,1985.0138337835108,6.0477668025114975e-33,0.001,0.99,64,0.995,200,24.5,75.5
75,27.099929732141998,2012.1137635156538,2.219275332157446e-33,0.001,0.99,64,0.995,200,13.5,86.5
76,65.59999999999984,2077.7137635156564,8.143804416991118e-34,0.001,0.99,64,0.995,200,15.5,84.5
77,3.4496348951957296,2081.1633984108507,2.988432729423e-34,0.001,0.99,64,0.995,200,18.0,82.0
78,37.87979075560967,2119.04318916646,1.0966287647642474e-34,0.001,0.99,64,0.995,200,21.0,79.0
79,49.160648405767645,2168.2038375722286,4.024165027601454e-35,0.001,0.99,64,0.995,200,20.5,79.5
80,63.479999999999826,2231.6838375722464,1.476698832795249e-35,0.001,0.99,64,0.995,200,26.0,74.0
81,62.79502029650537,2294.4788578687544,5.41886187028118e-36,0.001,0.99,64,0.995,200,8.5,91.5
82,33.8182438892046,2328.2971017579584,1.988493748153366e-36,0.001,0.99,64,0.995,200,21.0,79.0
83,35.16844340628595,2363.4655451642443,7.296933343384613e-37,0.001,0.99,64,0.995,200,22.0,78.0
84,51.54235530563691,2415.0079004698796,2.6776667649694568e-37,0.001,0.99,64,0.995,200,11.0,89.0
85,29.003095125694475,2444.0109955955745,9.825907633817453e-38,0.001,0.99,64,0.995,200,20.0,80.0
86,54.68082475390771,2498.6918203494897,3.605693661788172e-38,0.001,0.99,64,0.995,200,23.5,76.5
87,25.96642294431621,2524.658243293803,1.3231374919416345e-38,0.001,0.99,64,0.995,200,13.0,87.0
88,54.34065015802816,2578.998893451841,4.8553565188712594e-39,0.001,0.99,64,0.995,200,16.5,83.5
89,26.199221376965962,2605.1981148288046,1.7817110518689417e-39,0.001,0.99,64,0.995,200,16.0,84.0
90,31.58629870602523,2636.7844135348273,6.538128065392648e-40,0.001,0.99,64,0.995,200,15.5,84.5
91,34.7468712361338,2671.5312847709606,2.399217233043207e-40,0.001,0.99,64,0.995,200,16.5,83.5
92,22.44999198045351,2693.9812767514136,8.804115296854162e-41,0.001,0.99,64,0.995,200,26.5,73.5
93,23.406682366787887,2717.3879591182003,3.2307389715596304e-41,0.001,0.99,64,0.995,200,20.0,80.0
94,32.678073271522216,2750.0660323897237,1.1855449355693592e-41,0.001,0.99,64,0.995,200,12.0,88.0
95,34.15577550628947,2784.2218078960145,4.3504498711502124e-42,0.001,0.99,64,0.995,200,23.0,77.0
96,1.0991568062999995,2785.3209647023155,1.5964316082461663e-42,0.001,0.99,64,0.995,200,12.0,88.0
97,22.310666890673446,2807.631631592988,5.858230654968151e-43,0.001,0.99,64,0.995,200,23.5,76.5
98,59.45478863898453,2867.0864202319744,2.1497235603165683e-43,0.001,0.99,64,0.995,200,11.5,88.5
99,23.551666948967544,2890.6380871809392,7.888578750071887e-44,0.001,0.99,64,0.995,200,17.0,83.0
100,56.42553439631634,2947.0636215772633,2.894775674641707e-44,0.001,0.99,64,0.995,200,14.000000000000002,86.0
101,29.91583045420261,2976.979452031467,1.0622605759524155e-44,0.001,0.99,64,0.995,200,25.5,74.5
102,60.239999999999846,3037.219452031487,3.898048270570818e-45,0.001,0.99,64,0.995,200,22.0,78.0
103,54.94729076063177,3092.1667427921266,1.4304193023521197e-45,0.001,0.99,64,0.995,200,23.5,76.5
104,59.599999999999845,3151.766742792143,5.249035513461965e-46,0.001,0.99,64,0.995,200,25.5,74.5
105,38.909017177299646,3190.6757599694424,1.926174638183298e-46,0.001,0.99,64,0.995,200,11.0,89.0
106,76.19999999999983,3266.8757599694627,7.068248494919315e-47,0.001,0.99,64,0.995,200,8.0,92.0
107,58.519999999999854,3325.3957599694822,2.59374907111485e-47,0.001,0.99,64,0.995,200,22.5,77.5
108,35.24448399308441,3360.6402439625663,9.51796509240576e-48,0.001,0.99,64,0.995,200,11.0,89.0
109,30.049419906051654,3390.6896638686153,3.4926917375749105e-48,0.001,0.99,64,0.995,200,10.5,89.5
110,32.457167426586935,3423.1468312952006,1.2816705519814727e-48,0.001,0.99,64,0.995,200,21.5,78.5
111,13.44572506659113,3436.592556361793,4.703190339256952e-49,0.001,0.99,64,0.995,200,16.5,83.5
112,73.99999999999982,3510.5925563618157,1.725872482057282e-49,0.001,0.99,64,0.995,200,11.5,88.5
113,31.96829768318739,3542.560854045005,6.333224065928739e-50,0.001,0.99,64,0.995,200,21.5,78.5
114,43.57767541921855,3586.1385294642237,2.3240261077369506e-50,0.001,0.99,64,0.995,200,19.5,80.5
115,60.60736053973978,3646.745890003972,8.528195581298939e-51,0.001,0.99,64,0.995,200,12.0,88.0
116,0.3857519888166472,3647.131641992789,3.1294880737681827e-51,0.001,0.99,64,0.995,200,16.5,83.5
117,34.00731299936812,3681.1389549921587,1.1483901266679899e-51,0.001,0.99,64,0.995,200,19.0,81.0
118,55.64750136937371,3736.7864563615312,4.2141073937392284e-52,0.001,0.99,64,0.995,200,10.5,89.5
119,46.96402695371216,3783.750483315246,1.5463996697266818e-52,0.001,0.99,64,0.995,200,13.5,86.5
120,10.446719659638614,3794.1972029748836,5.6746345432096705e-53,0.001,0.99,64,0.995,200,19.5,80.5
121,40.44486909355447,3834.642072068442,2.0823515310682848e-53,0.001,0.99,64,0.995,200,24.5,75.5
122,49.30054268389838,3883.94261475234,7.641351819089669e-54,0.001,0.99,64,0.995,200,8.5,91.5
123,62.71999999999984,3946.662614752362,2.804053818576427e-54,0.001,0.99,64,0.995,200,17.5,82.5
124,17.695122721670153,3964.357737474032,1.0289694812677464e-54,0.001,0.99,64,0.995,200,21.5,78.5
125,34.59263871862606,3998.9503761926553,3.775883994687164e-55,0.001,0.99,64,0.995,200,20.5,79.5
126,52.795623957419856,4051.746000150079,1.3855901657810995e-55,0.001,0.99,64,0.995,200,8.5,91.5
127,45.379938481624976,4097.125938631706,5.084531490402313e-56,0.001,0.99,64,0.995,200,7.5,92.5
128,35.89070879511405,4133.016647426817,1.8658086002161338e-56,0.001,0.99,64,0.995,200,20.5,79.5
129,23.54483205556197,4156.561479482384,6.846730596932607e-57,0.001,0.99,64,0.995,200,18.5,81.5
130,40.486082760609676,4197.04756224299,2.512461345796287e-57,0.001,0.99,64,0.995,200,13.5,86.5
131,33.72410286650327,4230.771665109494,9.219673426245989e-58,0.001,0.99,64,0.995,200,24.5,75.5
132,34.35684334081274,4265.128508450303,3.383231277521858e-58,0.001,0.99,64,0.995,200,22.5,77.5
133,48.85436059485564,4313.982869045159,1.2415031799952575e-58,0.001,0.99,64,0.995,200,13.0,87.0
134,58.39999999999986,4372.3828690451255,4.555793025971692e-59,0.001,0.99,64,0.995,200,20.5,79.5
135,-24.92892574077378,4347.453943304346,1.6717838850458344e-59,0.001,0.99,64,0.995,200,17.5,82.5
136,56.55377274306225,4404.007716047399,6.134741728533281e-60,0.001,0.99,64,0.995,200,9.5,90.5
137,38.90699876908281,4442.914714816484,2.2511914615551932e-60,0.001,0.99,64,0.995,200,20.5,79.5
138,27.527200883684703,4470.441915700165,8.2609231502084e-61,0.001,0.99,64,0.995,200,19.0,81.0
139,33.80115037478665,4504.243066074957,3.031410364647739e-61,0.001,0.99,64,0.995,200,16.5,83.5
140,48.27491330014928,4552.517979375113,1.1123997441692605e-61,0.001,0.99,64,0.995,200,24.0,76.0
141,-8.13714138380416,4544.380837991309,4.082037870090971e-62,0.001,0.99,64,0.995,200,25.5,74.5
142,33.574919162466244,4577.955757153769,1.4979357250123048e-62,0.001,0.99,64,0.995,200,18.0,82.0
143,43.70452127673616,4621.660278430508,5.496792307363216e-63,0.001,0.99,64,0.995,200,12.5,87.5
144,-3.4226683236303437,4618.237610106875,2.017090931591157e-63,0.001,0.99,64,0.995,200,17.5,82.5
145,60.45446616250315,4678.692076269383,7.401872944802952e-64,0.001,0.99,64,0.995,200,11.0,89.0
146,29.820410189757435,4708.512486459144,2.7161751725187424e-64,0.001,0.99,64,0.995,200,14.499999999999998,85.5
147,29.905888989664366,4738.418375448809,9.967217247341729e-65,0.001,0.99,64,0.995,200,17.0,83.0
148,53.79579089817335,4792.214166346987,3.6575483297560056e-65,0.001,0.99,64,0.995,200,9.0,91.0
149,79.83999999999986,4872.054166346933,1.342165967945444e-65,0.001,0.99,64,0.995,200,8.5,91.5
150,39.208956291841275,4911.263122638775,4.925182999922525e-66,0.001,0.99,64,0.995,200,24.5,75.5
151,38.8365331000967,4950.099655738877,1.8073344252543182e-66,0.001,0.99,64,0.995,200,12.5,87.5
152,33.35586806321176,4983.4555238020885,6.632155038220386e-67,0.001,0.99,64,0.995,200,20.0,80.0
153,38.48750326272288,5021.943027064812,2.4337211661755806e-67,0.001,0.99,64,0.995,200,13.0,87.0
154,76.07999999999983,5098.023027064763,8.930730178286586e-68,0.001,0.99,64,0.995,200,10.5,89.5
155,61.279999999999845,5159.303027064727,3.277201292648191e-68,0.001,0.99,64,0.995,200,18.5,81.5
156,18.23292922026739,5177.535956284999,1.2025946477083597e-68,0.001,0.99,64,0.995,200,17.0,83.0
157,1.5459528002498866,5179.081909085252,4.413015123426065e-69,0.001,0.99,64,0.995,200,16.0,84.0
158,32.898102782571684,5211.980011867823,1.6193904169370598e-69,0.001,0.99,64,0.995,200,18.0,82.0
159,12.251407958951626,5224.231419826774,5.942479799234526e-70,0.001,0.99,64,0.995,200,19.5,80.5
160,48.88017858057303,5273.111598407342,2.1806394427788524e-70,0.001,0.99,64,0.995,200,21.5,78.5
161,32.568938880920555,5305.68053728826,8.0020269989229e-71,0.001,0.99,64,0.995,200,18.0,82.0
162,64.78978264895247,5370.4703199371925,2.9364063969187257e-71,0.001,0.99,64,0.995,200,9.0,91.0
163,47.72470775237566,5418.195027689559,1.0775372951160792e-71,0.001,0.99,64,0.995,200,15.0,85.0
164,57.27999999999985,5475.475027689534,3.9541073864450275e-72,0.001,0.99,64,0.995,200,26.5,73.5
165,30.432274174204803,5505.907301863742,1.4509906334012147e-72,0.001,0.99,64,0.995,200,21.5,78.5
166,11.012028093595175,5516.919329957341,5.324523621779813e-73,0.001,0.99,64,0.995,200,22.5,77.5
167,75.27999999999984,5592.1993299572905,1.953875589977841e-73,0.001,0.99,64,0.995,200,10.5,89.5
168,54.93143857587024,5647.13076853316,7.169899304221989e-74,0.001,0.99,64,0.995,200,8.0,92.0
169,59.83999999999985,5706.970768533126,2.631050630673259e-74,0.001,0.99,64,0.995,200,19.5,80.5
170,61.999999999999844,5768.9707685330895,9.654846082831168e-75,0.001,0.99,64,0.995,200,18.0,82.0
171,69.59999999999982,5838.5707685330435,3.5429212876571396e-75,0.001,0.99,64,0.995,200,12.0,88.0
172,56.90806258745105,5895.478831120483,1.3001026782659308e-75,0.001,0.99,64,0.995,200,10.5,89.5
173,59.11999999999985,5954.598831120452,4.7708284683682235e-76,0.001,0.99,64,0.995,200,22.0,78.0
174,48.24389819123908,6002.842729311687,1.7506928225815878e-76,0.001,0.99,64,0.995,200,22.0,78.0
175,53.47098433395614,6056.313713645646,6.424304246861749e-77,0.001,0.99,64,0.995,200,7.5,92.5
176,14.274391245939555,6070.588104891583,2.357448692534549e-77,0.001,0.99,64,0.995,200,22.0,78.0
177,8.664631633401264,6079.25273652499,8.650842370436788e-78,0.001,0.99,64,0.995,200,22.5,77.5
178,29.257300874533875,6108.510037399526,3.174494272351915e-78,0.001,0.99,64,0.995,200,15.5,84.5
179,33.984760949982046,6142.49479834951,1.164905503264453e-78,0.001,0.99,64,0.995,200,20.0,80.0
180,58.32797777014907,6200.822776119638,4.2747118599474815e-79,0.001,0.99,64,0.995,200,22.0,78.0
181,60.54457741158006,6261.367353531188,1.5686389526333404e-79,0.001,0.99,64,0.995,200,11.0,89.0
182,51.77983630008929,6313.147189831275,5.75624333133146e-80,0.001,0.99,64,0.995,200,10.5,89.5
183,28.429070231077183,6341.5762600623575,2.112298514191166e-80,0.001,0.99,64,0.995,200,17.0,83.0
184,62.39999999999984,6403.976260062324,7.751244616030095e-81,0.001,0.99,64,0.995,200,20.5,79.5
185,65.85750602194847,6469.833766084239,2.844379839965082e-81,0.001,0.99,64,0.995,200,14.000000000000002,86.0
186,38.56905179070527,6508.402817874946,1.0437674302354088e-81,0.001,0.99,64,0.995,200,11.5,88.5
187,31.809957954201302,6540.212775829148,3.830186225879048e-82,0.001,0.99,64,0.995,200,18.0,82.0
188,24.80991701196401,6565.022692841114,1.405516794254144e-82,0.001,0.99,64,0.995,200,15.5,84.5
189,36.36784354916522,6601.390536390282,5.157653812190461e-83,0.001,0.99,64,0.995,200,22.0,78.0
190,49.63961445876833,6651.030150849053,1.8926414081390702e-83,0.001,0.99,64,0.995,200,11.0,89.0
191,40.30287404943147,6691.333024898482,6.945195684394588e-84,0.001,0.99,64,0.995,200,21.5,78.5
192,55.75485421244342,6747.087879110935,2.548593879807409e-84,0.001,0.99,64,0.995,200,9.5,90.5
193,44.095002920816476,6791.182882031753,9.352264585987675e-85,0.001,0.99,64,0.995,200,22.5,77.5
194,23.185472821020095,6814.368354852774,3.4318866406808145e-85,0.001,0.99,64,0.995,200,20.5,79.5
195,31.735517795082337,6846.103872647857,1.2593576460753642e-85,0.001,0.99,64,0.995,200,25.0,75.0
196,22.0152917681043,6868.119164415958,4.621311385780089e-86,0.001,0.99,64,0.995,200,19.5,80.5
197,54.605112636076456,6922.724277052036,1.6958263596441933e-86,0.001,0.99,64,0.995,200,12.0,88.0
198,35.9454552717562,6958.669732323791,6.222967469608483e-87,0.001,0.99,64,0.995,200,27.0,73.0
199,63.439999999999834,7022.109732323754,2.283566587320325e-87,0.001,0.99,64,0.995,200,17.0,83.0
200,-3.0320328925778277,7019.077699431174,8.379726206497237e-88,0.001,0.99,64,0.995,200,21.0,79.0
201,56.759999999999856,7075.83769943114,3.075006075397903e-88,0.001,0.99,64,0.995,200,20.0,80.0
202,59.66676088676052,7135.5044603178685,1.1283975312227432e-88,0.001,0.99,64,0.995,200,19.0,81.0
203,33.597311100441175,7169.1017714183035,4.140743000986823e-89,0.001,0.99,64,0.995,200,27.0,73.0
204,67.27999999999983,7236.381771418262,1.5194780319699954e-89,0.001,0.99,64,0.995,200,14.499999999999998,85.5
205,49.982354224016845,7286.364125642276,5.5758434877247285e-90,0.001,0.99,64,0.995,200,13.0,87.0
206,46.44670386225177,7332.810829504514,2.0460993805414983e-90,0.001,0.99,64,0.995,200,22.5,77.5
207,46.18544056740563,7378.996270071919,7.508321717187685e-91,0.001,0.99,64,0.995,200,13.5,86.5
208,22.636845735425098,7401.63311580735,2.7552373821584684e-91,0.001,0.99,64,0.995,200,25.0,75.0
209,27.124611745862595,7428.757727553216,1.0110559080953788e-91,0.001,0.99,64,0.995,200,27.500000000000004,72.5
210,60.559999999999846,7489.317727553181,3.710148736780521e-92,0.001,0.99,64,0.995,200,19.0,81.0
211,38.14009232298907,7527.457819876174,1.3614680987290704e-92,0.001,0.99,64,0.995,200,12.0,88.0
212,52.377288844051996,7579.8351087202345,4.99601367859286e-93,0.001,0.99,64,0.995,200,11.5,88.5
213,15.316082477577398,7595.151191197812,1.833326296810571e-93,0.001,0.99,64,0.995,200,13.5,86.5
214,30.26135111368486,7625.412542311495,6.727534243909079e-94,0.001,0.99,64,0.995,200,16.5,83.5
215,39.46971160571171,7664.882253917204,2.4687213117330685e-94,0.001,0.99,64,0.995,200,23.5,76.5
216,-7.5713420169809025,7657.31091190022,9.05916595002534e-95,0.001,0.99,64,0.995,200,22.0,78.0
217,22.104650804679608,7679.415562704901,3.324331803677162e-95,0.001,0.99,64,0.995,200,23.0,77.0
218,36.84562772979873,7716.2611904346995,1.219889557372391e-95,0.001,0.99,64,0.995,200,20.0,80.0
219,38.76789226358548,7755.029082698285,4.476480147198707e-96,0.001,0.99,64,0.995,200,12.5,87.5
220,62.359999999999836,7817.389082698256,1.6426794038164692e-96,0.001,0.99,64,0.995,200,24.0,76.0
221,81.99999999999984,7899.3890826982015,6.027940558189306e-97,0.001,0.99,64,0.995,200,8.0,92.0
222,56.270598563522576,7955.659681261718,2.211999936727963e-97,0.001,0.99,64,0.995,200,26.5,73.5
223,60.6346450861306,8016.294326347841,8.117106784401129e-98,0.001,0.99,64,0.995,200,10.0,90.0
224,64.25638136731357,8080.550707715133,2.978635824322532e-98,0.001,0.99,64,0.995,200,12.0,88.0
225,28.780087191249482,8109.330794906388,1.0930337138089228e-98,0.001,0.99,64,0.995,200,24.0,76.0
226,57.507594721313744,8166.838389627674,4.0109727069258514e-99,0.001,0.99,64,0.995,200,22.0,78.0
227,56.33917501305601,8223.177564640717,1.4718578075366182e-99,0.001,0.99,64,0.995,200,11.0,89.0
228,-9.605364251886849,8213.572200388826,5.401097349442892e-100,0.001,0.99,64,0.995,200,23.0,77.0
229,77.87999999999985,8291.452200388774,1.9819749182825384e-100,0.001,0.99,64,0.995,200,9.5,90.5
230,29.377736585400882,8320.829936974185,7.273011987288581e-101,0.001,0.99,64,0.995,200,26.5,73.5
231,71.67999999999982,8392.50993697414,2.6688886362437193e-101,0.001,0.99,64,0.995,200,12.5,87.5
232,59.83999999999985,8452.349936974106,9.793695603857165e-102,0.001,0.99,64,0.995,200,19.5,80.5
233,31.48724087068229,8483.83717784478,3.593873205440561e-102,0.001,0.99,64,0.995,200,21.5,78.5
234,12.660900324639396,8496.498078169418,1.3187998830285058e-102,0.001,0.99,64,0.995,200,15.5,84.5
235,28.28420683149273,8524.782285000905,4.839439323688643e-103,0.001,0.99,64,0.995,200,21.5,78.5
236,35.81282785582565,8560.595112856727,1.7758701125967409e-103,0.001,0.99,64,0.995,200,13.0,87.0
237,64.91999999999983,8625.5151128567,6.516694281871036e-104,0.001,0.99,64,0.995,200,25.0,75.0
238,73.76015663214861,8699.275269488802,2.391351938530766e-104,0.001,0.99,64,0.995,200,10.0,90.0
239,61.63999999999984,8760.915269488774,8.775252983438973e-105,0.001,0.99,64,0.995,200,24.5,75.5
240,48.56835780598245,8809.483627294756,3.220147719898815e-105,0.001,0.99,64,0.995,200,21.5,78.5
241,33.237062845894776,8842.720690140659,1.1816583929305527e-105,0.001,0.99,64,0.995,200,14.000000000000002,86.0
242,35.13311705671172,8877.85380719737,4.3361878989423896e-106,0.001,0.99,64,0.995,200,22.5,77.5
243,52.40163693775487,8930.25544413513,1.591198065991263e-106,0.001,0.99,64,0.995,200,10.5,89.5
244,32.23091638047253,8962.486360515599,5.839025762310442e-107,0.001,0.99,64,0.995,200,10.0,90.0
245,34.140948059600575,8996.627308575211,2.1426761747404128e-107,0.001,0.99,64,0.995,200,21.5,78.5
246,61.999999999999844,9058.627308575175,7.862717817472974e-108,0.001,0.99,64,0.995,200,18.0,82.0
247,28.990417193756976,9087.61772576893,2.885285803147405e-108,0.001,0.99,64,0.995,200,17.0,83.0
248,-10.289280186911183,9077.328445582021,1.0587781933804076e-108,0.001,0.99,64,0.995,200,23.5,76.5
249,23.53286006928132,9100.861305651297,3.885269395340404e-109,0.001,0.99,64,0.995,200,22.0,78.0
250,62.799999999999834,9163.661305651267,1.4257299941334579e-109,0.001,0.99,64,0.995,200,23.0,77.0
251,36.11164476322487,9199.772950414483,5.2318277301687486e-110,0.001,0.99,64,0.995,200,24.5,75.5
252,33.812393144302064,9233.585343558789,1.9198601075092834e-110,0.001,0.99,64,0.995,200,9.5,90.5
253,32.57070322479,9266.156046783573,7.045076830705722e-111,0.001,0.99,64,0.995,200,17.5,82.5
254,45.54341980887435,9311.699466592445,2.5852460476892604e-111,0.001,0.99,64,0.995,200,25.5,74.5
255,62.719999999999835,9374.419466592408,9.486762582862336e-112,0.001,0.99,64,0.995,200,17.5,82.5
256,22.164653152922966,9396.584119745334,3.481241732640469e-112,0.001,0.99,64,0.995,200,20.5,79.5
257,-0.9011190395939195,9395.683000705732,1.2774688831119728e-112,0.001,0.99,64,0.995,200,16.0,84.0
258,75.28000294931873,9470.963003655004,4.6877719866972916e-113,0.001,0.99,64,0.995,200,10.5,89.5
259,72.81159108767156,9543.77459474263,1.720214596987386e-113,0.001,0.99,64,0.995,200,11.0,89.0
260,25.64589083027732,9569.420485572895,6.312462014120474e-114,0.001,0.99,64,0.995,200,19.0,81.0
261,24.2478297137671,9593.668315286654,2.3164073104308214e-114,0.001,0.99,64,0.995,200,25.0,75.0
262,33.449697630029206,9627.11801291668,8.500237808662628e-115,0.001,0.99,64,0.995,200,21.0,79.0
263,55.9409141155379,9683.058927032216,3.1192287504212446e-115,0.001,0.99,64,0.995,200,26.0,74.0
264,54.895567500772074,9737.954494532982,1.1446253877202143e-115,0.001,0.99,64,0.995,200,26.5,73.5
265,21.347054448585624,9759.301548981575,4.200292389702791e-116,0.001,0.99,64,0.995,200,20.0,80.0
266,52.659127656912,9811.960676638488,1.5413301459383322e-116,0.001,0.99,64,0.995,200,11.0,89.0
267,38.68848487639442,9850.649161514888,5.656031529144055e-117,0.001,0.99,64,0.995,200,22.5,77.5
268,48.59132920836866,9899.240490723263,2.0755250095492247e-117,0.001,0.99,64,0.995,200,24.5,75.5
269,24.692791008774226,9923.933281732037,7.616301364423656e-118,0.001,0.99,64,0.995,200,22.0,78.0
270,23.193558366672516,9947.126840098705,2.794861358298939e-118,0.001,0.99,64,0.995,200,16.0,84.0
271,27.879140686886647,9975.00598078559,1.0255962360680155e-118,0.001,0.99,64,0.995,200,20.0,80.0
272,59.453929211868456,10034.45990999744,3.76350560758074e-119,0.001,0.99,64,0.995,200,15.0,85.0
273,52.79581460021118,10087.255724597637,1.3810478198120418e-119,0.001,0.99,64,0.995,200,25.5,74.5
274,2.934680738484008,10090.190405336118,5.067862996578986e-120,0.001,0.99,64,0.995,200,10.5,89.5
275,31.013765189331973,10121.204170525452,1.8596919660312698e-120,0.001,0.99,64,0.995,200,10.5,89.5
276,41.68970156353223,10162.893872088986,6.824285129364882e-121,0.001,0.99,64,0.995,200,12.5,87.5
277,34.12415293248463,10197.018025021474,2.5042248059100133e-121,0.001,0.99,64,0.995,200,21.0,79.0
278,32.73364462410678,10229.751669645577,9.189448798893717e-122,0.001,0.99,64,0.995,200,24.0,76.0
279,47.4572479941452,10277.208917639735,3.3721401141061816e-122,0.001,0.99,64,0.995,200,10.0,90.0
280,65.59999999999984,10342.808917639695,1.2374331908278334e-122,0.001,0.99,64,0.995,200,15.5,84.5
281,63.439999999999834,10406.248917639658,4.540857882378419e-123,0.001,0.99,64,0.995,200,17.0,83.0
282,35.9100926038355,10442.159010243486,1.66630331728568e-123,0.001,0.99,64,0.995,200,21.0,79.0
283,53.52417732025622,10495.683187563729,6.114630356462396e-124,0.001,0.99,64,0.995,200,18.5,81.5
284,25.800699834848988,10521.483887398581,2.243811436268135e-124,0.001,0.99,64,0.995,200,22.0,78.0
285,38.07055155439894,10559.554438952979,8.233841570172166e-125,0.001,0.99,64,0.995,200,16.5,83.5
286,41.817995944219966,10601.372434897201,3.0214725670287415e-125,0.001,0.99,64,0.995,200,14.000000000000002,86.0
287,70.35999999999983,10671.732434897156,1.1087529916022372e-125,0.001,0.99,64,0.995,200,13.5,86.5
288,64.1518000849189,10735.884234982057,4.068655826307283e-126,0.001,0.99,64,0.995,200,13.5,86.5
289,20.931362795099915,10756.815597777155,1.4930250793752007e-126,0.001,0.99,64,0.995,200,14.499999999999998,85.5
290,11.578008036059082,10768.393605813224,5.478772309100608e-127,0.001,0.99,64,0.995,200,17.0,83.0
291,-38.39848026779175,10729.995125545442,2.0104783522811997e-127,0.001,0.99,64,0.995,200,20.5,79.5
292,35.68670225659536,10765.681827802033,7.377607567807222e-128,0.001,0.99,64,0.995,200,13.0,87.0
293,40.115619105463296,10805.797446907489,2.707270802633023e-128,0.001,0.99,64,0.995,200,14.000000000000002,86.0
294,58.31975290716767,10864.117199814624,9.934541965570668e-129,0.001,0.99,64,0.995,200,20.5,79.5
295,81.59999999999985,10945.71719981457,3.645557879533008e-129,0.001,0.99,64,0.995,200,8.0,92.0
296,60.87589910732774,11006.593098921863,1.3377659784500968e-129,0.001,0.99,64,0.995,200,17.0,83.0
297,33.595237484734895,11040.188336406602,4.909036894314219e-130,0.001,0.99,64,0.995,200,20.0,80.0
298,57.54635446981984,11097.734690876412,1.8014094855109332e-130,0.001,0.99,64,0.995,200,11.0,89.0
299,27.2821830439504,11125.016873920355,6.610413008399479e-131,0.001,0.99,64,0.995,200,24.0,76.0
300,67.83301568639045,11192.849889606749,2.4257427582725923e-131,0.001,0.99,64,0.995,200,11.0,89.0
301,29.40505028878511,11222.254939895543,8.90145278643735e-132,0.001,0.99,64,0.995,200,15.5,84.5
302,46.563133997599685,11268.818073893159,3.266457724709371e-132,0.001,0.99,64,0.995,200,12.0,88.0
303,34.635497381545214,11303.453571274715,1.1986522114199619e-132,0.001,0.99,64,0.995,200,14.000000000000002,86.0
304,26.973656823756876,11330.42722809846,4.3985480450992204e-133,0.001,0.99,64,0.995,200,19.0,81.0
305,50.19682918585349,11380.624057284314,1.6140816093875018e-133,0.001,0.99,64,0.995,200,12.0,88.0
306,57.144229215622914,11437.768286499926,5.922998714691037e-134,0.001,0.99,64,0.995,200,9.0,91.0
307,56.83617207133724,11494.60445857125,2.17349070642991e-134,0.001,0.99,64,0.995,200,16.5,83.5
308,49.24737903122424,11543.851837602455,7.97579415173588e-135,0.001,0.99,64,0.995,200,8.5,91.5
309,-0.9367930102742374,11542.915044592186,2.926780048457302e-135,0.001,0.99,64,0.995,200,17.0,83.0
310,39.1723227589963,11582.087367351192,1.0740048312534972e-135,0.001,0.99,64,0.995,200,26.0,74.0
311,74.99999999999984,11657.087367351143,3.941144734001628e-136,0.001,0.99,64,0.995,200,11.0,89.0
312,40.640601516250356,11697.727968867397,1.44623388669679e-136,0.001,0.99,64,0.995,200,12.5,87.5
313,64.58544821591099,11762.313417083313,5.307068367688229e-137,0.001,0.99,64,0.995,200,9.0,91.0
314,62.11620924511806,11824.429626328412,1.947470247958719e-137,0.001,0.99,64,0.995,200,13.0,87.0
315,58.39999999999986,11882.82962632838,7.146394400674505e-138,0.001,0.99,64,0.995,200,20.5,79.5
316,49.648754658034676,11932.478380986406,2.6224253224675944e-138,0.001,0.99,64,0.995,200,17.0,83.0
317,54.06365448979435,11986.542035476185,9.623194839722487e-139,0.001,0.99,64,0.995,200,26.5,73.5
318,23.440237385930086,12009.98227286213,3.531306616431053e-139,0.001,0.99,64,0.995,200,22.0,78.0
319,37.076693977360684,12047.05896683949,1.2958405838127394e-139,0.001,0.99,64,0.995,200,18.5,81.5
320,52.32240903666198,12099.381375876157,4.755188379402877e-140,0.001,0.99,64,0.995,200,10.0,90.0
321,61.19999999999983,12160.581375876134,1.7449535696032621e-140,0.001,0.99,64,0.995,200,27.500000000000004,72.5
322,22.855190816737505,12183.436566692857,6.403243609149129e-141,0.001,0.99,64,0.995,200,22.5,77.5
323,14.681893805581971,12198.11846049844,2.3497203267953654e-141,0.001,0.99,64,0.995,200,22.0,78.0
324,73.91999999999983,12272.038460498392,8.622482527865255e-142,0.001,0.99,64,0.995,200,12.0,88.0
325,41.549054466745254,12313.587514965142,3.16408740629737e-142,0.001,0.99,64,0.995,200,9.5,90.5
326,80.03356724101057,12393.621082206098,1.1610866223660813e-142,0.001,0.99,64,0.995,200,8.0,92.0
327,31.17486839706972,12424.795950603166,4.2606981777885e-143,0.001,0.99,64,0.995,200,27.0,73.0
328,41.912863714952,12466.708814318119,1.5634965223539162e-143,0.001,0.99,64,0.995,200,12.5,87.5
329,18.576442686192134,12485.285257004316,5.73737278119431e-144,0.001,0.99,64,0.995,200,15.0,85.0
330,49.473090209143955,12534.758347213461,2.1053738182180665e-144,0.001,0.99,64,0.995,200,14.000000000000002,86.0
331,49.004839369615176,12583.763186583074,7.725833902526053e-145,0.001,0.99,64,0.995,200,19.5,80.5
332,43.602675953283764,12627.365862536348,2.8350551798891315e-145,0.001,0.99,64,0.995,200,27.0,73.0
333,12.233147380262343,12639.599009916612,1.0403456732856016e-145,0.001,0.99,64,0.995,200,25.5,74.5
334,23.10374232829309,12662.702752244899,3.8176298211112745e-146,0.001,0.99,64,0.995,200,12.0,88.0
335,43.067402513010606,12705.770154757909,1.4009091233118523e-146,0.001,0.99,64,0.995,200,16.5,83.5
336,71.27999999999983,12777.050154757862,5.140745603268316e-147,0.001,0.99,64,0.995,200,12.5,87.5
337,5.94280754595824,12782.992962303819,1.8864368086237125e-147,0.001,0.99,64,0.995,200,20.0,80.0
338,60.07999999999985,12843.07296230379,6.922427421166202e-148,0.001,0.99,64,0.995,200,23.5,76.5
339,49.57752910478771,12892.650491408584,2.5402388875286378e-148,0.001,0.99,64,0.995,200,18.5,81.5
340,44.615853195482465,12937.266344604062,9.321605288316108e-149,0.001,0.99,64,0.995,200,17.0,83.0
341,-1.875746392445632,12935.390598211618,3.4206359715915967e-149,0.001,0.99,64,0.995,200,18.5,81.5
342,-0.3288324148689825,12935.061765796752,1.2552291250534236e-149,0.001,0.99,64,0.995,200,19.0,81.0
343,32.95007365995732,12968.011839456714,4.6061614549684723e-150,0.001,0.99,64,0.995,200,18.0,82.0
344,0.17228674093514496,12968.184126197651,1.6902669740342622e-150,0.001,0.99,64,0.995,200,21.5,78.5
345,61.639999999999844,13029.824126197624,6.202566869272931e-151,0.001,0.99,64,0.995,200,24.5,75.5
346,17.010370321258293,13046.834496518884,2.2760804274592854e-151,0.001,0.99,64,0.995,200,11.5,88.5
347,81.59999999999985,13128.43449651883,8.352255157340232e-152,0.001,0.99,64,0.995,200,8.0,92.0
348,65.59999999999984,13194.03449651879,3.0649253590387185e-152,0.001,0.99,64,0.995,200,15.5,84.5
349,58.35999999999985,13252.394496518762,1.1246983335061384e-152,0.001,0.99,64,0.995,200,24.0,76.0
350,35.93118276827015,13288.325679287045,4.127168505624623e-153,0.001,0.99,64,0.995,200,14.499999999999998,85.5
351,27.43122048069958,13315.75689976776,1.514496764720853e-153,0.001,0.99,64,0.995,200,23.0,77.0
352,75.2099551105985,13390.96685487832,5.557564337932919e-154,0.001,0.99,64,0.995,200,9.0,91.0
353,37.25426223416309,13428.22111711246,2.0393917035508898e-154,0.001,0.99,64,0.995,200,12.0,88.0
354,49.05293359668542,13477.274050709131,7.483707371814515e-155,0.001,0.99,64,0.995,200,25.0,75.0
355,66.31999999999984,13543.59405070909,2.7462049555971114e-155,0.001,0.99,64,0.995,200,15.5,84.5
356,68.47292999705132,13612.066980706102,1.007741388519521e-155,0.001,0.99,64,0.995,200,14.000000000000002,86.0
357,29.9576118011285,13642.02459250724,3.697985847944262e-156,0.001,0.99,64,0.995,200,21.5,78.5
358,64.87999999999984,13706.9045925072,1.3570048315358195e-156,0.001,0.99,64,0.995,200,16.0,84.0
359,22.095596604331618,13729.000189111528,4.979635370522685e-157,0.001,0.99,64,0.995,200,22.5,77.5
360,33.691876233369484,13762.692065344892,1.8273161485575792e-157,0.001,0.99,64,0.995,200,15.5,84.5
361,49.839750382956346,13812.531815727834,6.705479534797373e-158,0.001,0.99,64,0.995,200,21.0,79.0
362,57.95999999999985,13870.491815727803,2.4606281637186383e-158,0.001,0.99,64,0.995,200,12.5,87.5
363,40.56506674889932,13911.05688247671,9.029467510362499e-159,0.001,0.99,64,0.995,200,9.0,91.0
364,17.56755146522805,13928.624433941925,3.3134337289498203e-159,0.001,0.99,64,0.995,200,19.0,81.0
365,45.09548654115274,13973.719920483083,1.2158904236094367e-159,0.001,0.99,64,0.995,200,16.5,83.5
366,78.47999999999986,14052.199920483028,4.4618050130542565e-160,0.001,0.99,64,0.995,200,9.0,91.0
367,40.91677917300613,14093.116699656035,1.6372942485572814e-160,0.001,0.99,64,0.995,200,16.0,84.0
368,45.40984699581332,14138.526546651854,6.008179309753607e-161,0.001,0.99,64,0.995,200,21.5,78.5
369,61.39999999999984,14199.926546651825,2.2047483920474115e-161,0.001,0.99,64,0.995,200,22.5,77.5
370,47.2026289752654,14247.129175627088,8.090496673999866e-162,0.001,0.99,64,0.995,200,24.0,76.0
371,47.026669215823226,14294.155844842902,2.96887103617379e-162,0.001,0.99,64,0.995,200,9.0,91.0
372,9.536447601771215,14303.692292444672,1.0894504484202419e-162,0.001,0.99,64,0.995,200,7.5,92.5
373,52.37448841503378,14356.0667808597,3.99782363430888e-163,0.001,0.99,64,0.995,200,10.5,89.5
374,-5.487667938862294,14350.57911292084,1.4670326524913767e-163,0.001,0.99,64,0.995,200,24.5,75.5
375,60.55429776700483,14411.133410687826,5.383391065593968e-164,0.001,0.99,64,0.995,200,26.0,74.0
376,48.59990913094236,14459.73331981878,1.975477458930473e-164,0.001,0.99,64,0.995,200,13.5,86.5
377,33.66746464875584,14493.400784467533,7.2491690519827e-165,0.001,0.99,64,0.995,200,10.0,90.0
378,49.46333501152699,14542.864119479054,2.6601392846403144e-165,0.001,0.99,64,0.995,200,13.5,86.5
379,33.45944470892554,14576.323564187976,9.761589173798155e-166,0.001,0.99,64,0.995,200,13.5,86.5
380,35.279301644937746,14611.602865832914,3.582091499802706e-166,0.001,0.99,64,0.995,200,25.0,75.0
381,38.84416485359932,14650.447030686511,1.3144764939914208e-166,0.001,0.99,64,0.995,200,20.5,79.5
382,61.99999999999984,14712.447030686475,4.8235743094534115e-167,0.001,0.99,64,0.995,200,18.0,82.0
383,26.718149431708923,14739.16518011818,1.770048321531325e-167,0.001,0.99,64,0.995,200,23.5,76.5
384,33.466324206075555,14772.631504324256,6.495330764191924e-168,0.001,0.99,64,0.995,200,13.0,87.0
385,56.31999999999986,14828.95150432423,2.383512428618828e-168,0.001,0.99,64,0.995,200,23.0,77.0
386,49.890818744462216,14878.842323068693,8.746485288632111e-169,0.001,0.99,64,0.995,200,12.0,88.0
387,7.578253896111184,14886.420576964794,3.209591189276405e-169,0.001,0.99,64,0.995,200,19.5,80.5
388,26.663681409919217,14913.08425837472,1.177784591448368e-169,0.001,0.99,64,0.995,200,21.5,78.5
389,48.58830050566578,14961.672558880358,4.321972681405364e-170,0.001,0.99,64,0.995,200,18.0,82.0
390,14.688581062459578,14976.361139942828,1.5859816807285154e-170,0.001,0.99,64,0.995,200,16.5,83.5
391,23.657238087251113,15000.018378030085,5.819883828577417e-171,0.001,0.99,64,0.995,200,23.0,77.0
392,29.544914247097914,15029.563292277191,2.135651892434116e-171,0.001,0.99,64,0.995,200,14.000000000000002,86.0
393,68.34816463611472,15097.911456913302,7.836941664129898e-172,0.001,0.99,64,0.995,200,9.5,90.5
394,49.31749356734162,15147.22895048063,2.875827042064151e-172,0.001,0.99,64,0.995,200,24.0,76.0
395,60.33420469758321,15207.56315517818,1.0553072270170672e-172,0.001,0.99,64,0.995,200,11.0,89.0
396,56.50185036949246,15264.065005547669,3.872532412780647e-173,0.001,0.99,64,0.995,200,11.5,88.5
397,25.55334481170125,15289.618350359364,1.421056058757965e-173,0.001,0.99,64,0.995,200,25.0,75.0
398,80.83999999999985,15370.45835035931,5.214676358725947e-174,0.001,0.99,64,0.995,200,8.5,91.5
399,1.2283699170590858,15371.68672027637,1.913566277605015e-174,0.001,0.99,64,0.995,200,16.5,83.5
400,47.970523577572365,15419.657243853952,7.021981129585866e-175,0.001,0.99,64,0.995,200,15.0,85.0
401,59.23073275195624,15478.887976605907,2.576770899515078e-175,0.001,0.99,64,0.995,200,9.0,91.0
402,23.8275833815267,15502.71555998743,9.455662363734295e-176,0.001,0.99,64,0.995,200,23.0,77.0
403,46.14790588643519,15548.863465873861,3.469829263974035e-176,0.001,0.99,64,0.995,200,12.0,88.0
404,59.119999999999855,15607.983465873835,1.2732809884696205e-176,0.001,0.99,64,0.995,200,24.0,76.0
405,17.434791559452414,15625.418257433266,4.672404179741521e-177,0.001,0.99,64,0.995,200,26.0,74.0
406,60.639999999999844,15686.058257433238,1.7145752600221864e-177,0.001,0.99,64,0.995,200,24.5,75.5
407,13.674322789630821,15699.732580222864,6.291768026033175e-178,0.001,0.99,64,0.995,200,16.5,83.5
408,45.75718945939193,15745.489769682263,2.3088134896394797e-178,0.001,0.99,64,0.995,200,15.0,85.0
409,64.87999999999984,15810.369769682224,8.472371689300938e-179,0.001,0.99,64,0.995,200,16.0,84.0
410,39.50780328323763,15849.877572965459,3.109003059960319e-179,0.001,0.99,64,0.995,200,16.5,83.5
411,63.91999999999983,15913.797572965432,1.1408729906230262e-179,0.001,0.99,64,0.995,200,25.0,75.0
412,58.91386916600021,15972.711442131409,4.186522675052435e-180,0.001,0.99,64,0.995,200,27.0,73.0
413,21.146603173968714,15993.858045305384,1.536277241444448e-180,0.001,0.99,64,0.995,200,18.0,82.0
414,45.54182788075844,16039.399873186137,5.637489500879392e-181,0.001,0.99,64,0.995,200,27.0,73.0
415,53.61447898556339,16093.014352171687,2.0687208672468378e-181,0.001,0.99,64,0.995,200,24.0,76.0
416,65.1862106929456,16158.200562864595,7.591333032043675e-182,0.001,0.99,64,0.995,200,13.5,86.5
417,33.44083653382364,16191.64139939843,2.7856990334366435e-182,0.001,0.99,64,0.995,200,24.0,76.0
418,32.113291264873546,16223.754690663287,1.0222340492945992e-182,0.001,0.99,64,0.995,200,23.5,76.5
419,49.69749870995045,16273.452189373242,3.751167800234655e-183,0.001,0.99,64,0.995,200,9.5,90.5
420,39.07080658821285,16312.522995961464,1.3765203649034477e-183,0.001,0.99,64,0.995,200,23.0,77.0
421,25.185529936085494,16337.708525897542,5.051249146666787e-184,0.001,0.99,64,0.995,200,23.0,77.0
422,42.491807797842526,16380.200333695386,1.8535953838570058e-184,0.001,0.99,64,0.995,200,20.0,80.0
423,61.43999999999984,16441.6403336956,6.801913244218459e-185,0.001,0.99,64,0.995,200,12.5,87.5
424,58.879999999999846,16500.52033369585,2.4960152676687702e-185,0.001,0.99,64,0.995,200,15.5,84.5
425,80.63999999999983,16581.160333695974,9.159323256189879e-186,0.001,0.99,64,0.995,200,7.5,92.5
426,19.782192565369126,16600.942526261366,3.361085310577264e-186,0.001,0.99,64,0.995,200,21.5,78.5
427,28.630205184165717,16629.572731445565,1.2333765442052506e-186,0.001,0.99,64,0.995,200,19.0,81.0
428,62.71999999999984,16692.29273144583,4.5259717002970625e-187,0.001,0.99,64,0.995,200,17.5,82.5
429,53.51999999999987,16745.812731446073,1.6608407163352849e-187,0.001,0.99,64,0.995,200,20.0,80.0
430,22.04993722660595,16767.86266867267,6.094584915005238e-188,0.001,0.99,64,0.995,200,16.0,84.0
431,39.00489890498315,16806.867567577647,2.2364556047354775e-188,0.001,0.99,64,0.995,200,9.5,90.5
432,39.8305305609495,16846.698098138608,8.206848771010089e-189,0.001,0.99,64,0.995,200,23.0,77.0
433,65.67999999999984,16912.37809813883,3.0115673482459314e-189,0.001,0.99,64,0.995,200,13.5,86.5
434,74.39999999999984,16986.778098139035,1.105118194093977e-189,0.001,0.99,64,0.995,200,11.5,88.5
435,60.15999999999985,17046.938098139293,4.0553176525468135e-190,0.001,0.99,64,0.995,200,18.5,81.5
436,62.51999999999984,17109.458098139545,1.488130532186252e-190,0.001,0.99,64,0.995,200,22.5,77.5
437,61.54670975237836,17171.004807891895,5.4608113853526895e-191,0.001,0.99,64,0.995,200,10.0,90.0
438,23.55814388076932,17194.562951772692,2.0038874508264764e-191,0.001,0.99,64,0.995,200,19.0,81.0
439,12.568396565199523,17207.13134833789,7.353421739396857e-192,0.001,0.99,64,0.995,200,23.5,76.5
440,29.34408155649439,17236.475429894388,2.698395623722914e-192,0.001,0.99,64,0.995,200,21.5,78.5
441,66.47999999999983,17302.955429894653,9.901973802367825e-193,0.001,0.99,64,0.995,200,15.0,85.0
442,48.63661722180549,17351.592047116443,3.6336067373064683e-193,0.001,0.99,64,0.995,200,9.0,91.0
443,66.16146635915345,17417.753513475713,1.3333804133315072e-193,0.001,0.99,64,0.995,200,13.0,87.0
444,52.39999999999987,17470.153513475954,4.89294372008466e-194,0.001,0.99,64,0.995,200,20.0,80.0
445,19.274339303060895,17489.427852779052,1.795503969350996e-194,0.001,0.99,64,0.995,200,25.0,75.0
446,49.98161129948392,17539.409464078522,6.588742254937286e-195,0.001,0.99,64,0.995,200,14.499999999999998,85.5
447,47.88822162728505,17587.297685705813,2.4177905057869416e-195,0.001,0.99,64,0.995,200,16.5,83.5
448,42.3149476046048,17629.612633310444,8.872271373937835e-196,0.001,0.99,64,0.995,200,20.5,79.5
449,70.51676976932896,17700.129403079856,3.2557493771436573e-196,0.001,0.99,64,0.995,200,10.5,89.5
450,45.596842120890166,17745.72624520081,1.1947226995229609e-196,0.001,0.99,64,0.995,200,22.0,78.0
451,61.239999999999846,17806.966245201063,4.38412839383752e-197,0.001,0.99,64,0.995,200,22.0,78.0
452,59.83999999999985,17866.806245201322,1.6087902055704572e-197,0.001,0.99,64,0.995,200,19.5,80.5
453,30.258128703177547,17897.064373904504,5.903581494505278e-198,0.001,0.99,64,0.995,200,14.000000000000002,86.0
454,69.2774066505929,17966.341780555296,2.166365405606568e-198,0.001,0.99,64,0.995,200,13.0,87.0
455,64.49991192419179,18030.841692479513,7.949647303043098e-199,0.001,0.99,64,0.995,200,11.0,89.0
456,46.26523957263048,18077.106932052164,2.9171852578159937e-199,0.001,0.99,64,0.995,200,8.5,91.5
457,5.193038024310728,18082.299970076456,1.070483947779844e-199,0.001,0.99,64,0.995,200,15.0,85.0
458,80.27999999999986,18162.57997007662,3.9282245767011993e-200,0.001,0.99,64,0.995,200,8.5,91.5
459,21.993642691506373,18184.573612768134,1.4414927339174678e-200,0.001,0.99,64,0.995,200,20.0,80.0
460,71.67999999999982,18256.253612768367,5.289670336724512e-201,0.001,0.99,64,0.995,200,12.5,87.5
461,67.27999999999983,18323.53361276863,1.9410859044139473e-201,0.001,0.99,64,0.995,200,14.499999999999998,85.5
462,62.71999999999984,18386.253612768895,7.122966552671092e-202,0.001,0.99,64,0.995,200,17.5,82.5
463,34.202549526544594,18420.456162295413,2.613828290396529e-202,0.001,0.99,64,0.995,200,14.499999999999998,85.5
464,10.663309674222495,18431.11947196963,9.591647358101412e-203,0.001,0.99,64,0.995,200,24.0,76.0
465,31.087756463018636,18462.20722843268,3.519730021294437e-203,0.001,0.99,64,0.995,200,15.5,84.5
466,40.8650122152152,18503.072240647878,1.2915924616784015e-203,0.001,0.99,64,0.995,200,20.5,79.5
467,58.519999999999854,18561.59224064813,4.7395995629544444e-204,0.001,0.99,64,0.995,200,22.5,77.5
468,50.084611301510215,18611.67685194963,1.7392331314760572e-204,0.001,0.99,64,0.995,200,8.0,92.0
469,57.529103108538955,18669.20595505817,6.382252014004346e-205,0.001,0.99,64,0.995,200,14.499999999999998,85.5
470,-2.738991174187996,18666.466963883973,2.342017296766479e-205,0.001,0.99,64,0.995,200,22.0,78.0
471,35.614344791137626,18702.081308675093,8.59421565666434e-206,0.001,0.99,64,0.995,200,14.499999999999998,85.5
472,-15.487989653896605,18686.59331902121,3.1537146568144635e-206,0.001,0.99,64,0.995,200,24.5,75.5
473,59.826897411153936,18746.42021643259,1.1572802608105208e-206,0.001,0.99,64,0.995,200,28.999999999999996,71.0
474,34.94391634430269,18781.36413277691,4.246730436337198e-207,0.001,0.99,64,0.995,200,24.5,75.5
475,57.27999999999986,18838.644132777164,1.5583709503765145e-207,0.001,0.99,64,0.995,200,20.5,79.5
476,5.445027827631783,18844.089160604806,5.7185640939150205e-208,0.001,0.99,64,0.995,200,13.0,87.0
477,58.540251356824655,18902.629411961658,2.0984718233045275e-208,0.001,0.99,64,0.995,200,12.5,87.5
478,53.65083484683612,18956.280246808637,7.700506492335681e-209,0.001,0.99,64,0.995,200,23.0,77.0
479,76.07999999999986,19032.360246808785,2.825761088615707e-209,0.001,0.99,64,0.995,200,9.0,91.0
480,38.41469885555764,19070.77494566434,1.0369351337969824e-209,0.001,0.99,64,0.995,200,11.0,89.0
481,58.519999999999854,19129.294945664577,3.8051145796947235e-210,0.001,0.99,64,0.995,200,26.5,73.5
482,34.205086573992936,19163.5000322386,1.3963165575832553e-210,0.001,0.99,64,0.995,200,23.5,76.5
483,53.1184677419894,19216.618499980592,5.1238928241093156e-211,0.001,0.99,64,0.995,200,12.0,88.0
484,40.10266453002144,19256.721164510618,1.8802525494934919e-211,0.001,0.99,64,0.995,200,17.5,82.5
485,25.480271891355823,19282.201436402,6.899733798572041e-212,0.001,0.99,64,0.995,200,17.5,82.5
486,48.287877749188596,19330.48931415119,2.5319112852144076e-212,0.001,0.99,64,0.995,200,19.5,80.5
487,7.841874241045364,19338.3311883922,9.291046500261793e-213,0.001,0.99,64,0.995,200,19.5,80.5
488,22.67228267950307,19361.0034710717,3.40942218529259e-213,0.001,0.99,64,0.995,200,26.5,73.5
489,38.39429992020119,19399.39777099189,1.2511141384598365e-213,0.001,0.99,64,0.995,200,16.5,83.5
490,34.930151137665725,19434.327922129556,4.591061189800314e-214,0.001,0.99,64,0.995,200,18.0,82.0
491,7.643590425471406,19441.97151255503,1.6847258136206673e-214,0.001,0.99,64,0.995,200,21.0,79.0
492,62.5158193621138,19504.487331917262,6.182233147720841e-215,0.001,0.99,64,0.995,200,13.0,87.0
493,44.421120452739,19548.908452369986,2.2686188092909467e-215,0.001,0.99,64,0.995,200,10.0,90.0
494,38.54593542740113,19587.454387797377,8.324874165844165e-216,0.001,0.99,64,0.995,200,19.0,81.0
495,51.72154265464808,19639.175930452064,3.054877690042615e-216,0.001,0.99,64,0.995,200,22.0,78.0
496,5.225645778440051,19644.40157623051,1.1210112627779024e-216,0.001,0.99,64,0.995,200,18.5,81.5
497,46.831851271880765,19691.233427502393,4.113638511194784e-217,0.001,0.99,64,0.995,200,18.0,82.0
498,13.112114085754785,19704.34554158813,1.5095318274369124e-217,0.001,0.99,64,0.995,200,21.5,78.5
499,46.72481599199518,19751.070357580214,5.539345112225698e-218,0.001,0.99,64,0.995,200,16.0,84.0
500,33.427737854953975,19784.498095435196,2.032706016171832e-218,0.001,0.99,64,0.995,200,14.499999999999998,85.5
501,63.27949923419981,19847.77759466941,7.459173719040902e-219,0.001,0.99,64,0.995,200,11.0,89.0
502,46.01436513462096,19893.791959804017,2.737202139816321e-219,0.001,0.99,64,0.995,200,12.5,87.5
503,63.42335450926047,19957.21531431327,1.0044377348512008e-219,0.001,0.99,64,0.995,200,11.0,89.0
504,11.89203984270952,19969.10735415597,3.685862832405623e-220,0.001,0.99,64,0.995,200,19.0,81.0
505,24.204985361410593,19993.312339517382,1.3525561961610073e-220,0.001,0.99,64,0.995,200,17.0,83.0
506,73.59323309338662,20066.905572610976,4.963310755054735e-221,0.001,0.99,64,0.995,200,11.5,88.5
507,38.52057415572395,20105.42614676669,1.8213257032249434e-221,0.001,0.99,64,0.995,200,17.5,82.5
508,41.57239959636581,20146.9985463631,6.683497127093047e-222,0.001,0.99,64,0.995,200,14.000000000000002,86.0
509,70.63999999999982,20217.638546363327,2.4525615472711588e-222,0.001,0.99,64,0.995,200,12.5,87.5
510,61.91999999999983,20279.558546363573,8.999866430359837e-223,0.001,0.99,64,0.995,200,25.0,75.0
511,19.34998174656948,20298.90852811016,3.3025713811113e-223,0.001,0.99,64,0.995,200,23.5,76.5
512,48.14504100527623,20347.053569115433,1.2119044001077815e-223,0.001,0.99,64,0.995,200,14.000000000000002,86.0
513,41.49937334917928,20388.55294246463,4.4471779880390865e-224,0.001,0.99,64,0.995,200,11.0,89.0
514,54.56521796282183,20443.118160427446,1.63192674731938e-224,0.001,0.99,64,0.995,200,10.5,89.5
515,58.20435864257087,20501.32251907025,5.98848284412988e-225,0.001,0.99,64,0.995,200,20.0,80.0
516,48.9816924369062,20550.30421150714,2.1975206199264216e-225,0.001,0.99,64,0.995,200,13.0,87.0
517,28.31862528239315,20578.62283678953,8.063973798865366e-226,0.001,0.99,64,0.995,200,10.0,90.0
518,32.337844666812444,20610.960681456345,2.959138259688519e-226,0.001,0.99,64,0.995,200,12.0,88.0
519,65.87122219232134,20676.831903648672,1.0858789299618596e-226,0.001,0.99,64,0.995,200,8.0,92.0
520,49.09764851329613,20725.929552161993,3.984717667971452e-227,0.001,0.99,64,0.995,200,11.0,89.0
521,23.427959047082876,20749.357511209077,1.462223315632576e-227,0.001,0.99,64,0.995,200,8.0,92.0
522,28.154357123219206,20777.511868332298,5.365742827817435e-228,0.001,0.99,64,0.995,200,17.5,82.5
523,47.97881902229351,20825.49068735459,1.9690013000386906e-228,0.001,0.99,64,0.995,200,15.5,84.5
524,24.445133583842555,20849.935820938423,7.225404280381884e-229,0.001,0.99,64,0.995,200,12.0,88.0
525,36.68345244728927,20886.6192733857,2.6514186158198596e-229,0.001,0.99,64,0.995,200,17.0,83.0
526,72.75452144968224,20959.373794835596,9.729587997454647e-230,0.001,0.99,64,0.995,200,11.0,89.0
527,58.58006999999284,21017.95386483574,3.5703484178390156e-230,0.001,0.99,64,0.995,200,16.0,84.0
528,47.57718344980783,21065.531048285542,1.3101672782136712e-230,0.001,0.99,64,0.995,200,12.0,88.0
529,61.99999999999984,21127.531048285804,4.807761305101896e-231,0.001,0.99,64,0.995,200,18.0,82.0
530,37.39392242266625,21164.924970708475,1.7642456158995454e-231,0.001,0.99,64,0.995,200,17.0,83.0
531,55.312161024335055,21220.237131732803,6.474037282004371e-232,0.001,0.99,64,0.995,200,7.5,92.5
532,62.48467759643229,21282.721809329356,2.3756986187783184e-232,0.001,0.99,64,0.995,200,12.0,88.0
533,47.08265650384773,21329.80446583317,8.71781190224756e-233,0.001,0.99,64,0.995,200,9.5,90.5
534,44.13275326984002,21373.937219103,3.199069265867219e-233,0.001,0.99,64,0.995,200,11.5,88.5
535,21.87575486245906,21395.812973965487,1.173923489353764e-233,0.001,0.99,64,0.995,200,14.000000000000002,86.0
536,28.75933835114332,21424.57231231664,4.307804065264384e-234,0.001,0.99,64,0.995,200,23.5,76.5
537,75.03999999999985,21499.61231231682,1.5807823962125454e-234,0.001,0.99,64,0.995,200,11.0,89.0
538,46.196193026152244,21545.808505342986,5.800804647372262e-235,0.001,0.99,64,0.995,200,15.5,84.5
539,11.536464915884071,21557.344970258848,2.1286506376587507e-235,0.001,0.99,64,0.995,200,17.5,82.5
540,13.080805864519837,21570.425776123368,7.811250012112713e-236,0.001,0.99,64,0.995,200,12.0,88.0
541,22.937723048905635,21593.36349917225,2.866399289403375e-236,0.001,0.99,64,0.995,200,22.5,77.5
542,42.01601113031519,21635.37951030256,1.051847639436896e-236,0.001,0.99,64,0.995,200,14.000000000000002,86.0
543,69.07999999999984,21704.45951030274,3.8598371855557403e-237,0.001,0.99,64,0.995,200,10.5,89.5
544,35.19637234031206,21739.65588264305,1.4163974458291943e-237,0.001,0.99,64,0.995,200,12.5,87.5
545,14.906589121677397,21754.56247176473,5.197581214199876e-238,0.001,0.99,64,0.995,200,12.5,87.5
546,40.22781654904377,21794.79028831377,1.907293080607631e-238,0.001,0.99,64,0.995,200,22.5,77.5
547,52.34943561653844,21847.1397239303,6.998961142531665e-239,0.001,0.99,64,0.995,200,8.0,92.0
548,26.64619330640934,21873.785917236713,2.5683235352095043e-239,0.001,0.99,64,0.995,200,10.0,90.0
549,79.51089255282784,21953.29680978967,9.424664099685282e-240,0.001,0.99,64,0.995,200,8.5,91.5
550,54.90041689346777,22008.197226683136,3.4584542085213187e-240,0.001,0.99,64,0.995,200,11.0,89.0
551,-10.363384969108377,21997.83384171404,1.269106822898678e-240,0.001,0.99,64,0.995,200,20.5,79.5
552,42.428594140689604,22040.262435854736,4.657086752687161e-241,0.001,0.99,64,0.995,200,21.5,78.5
553,42.71226824165908,22082.974704096392,1.70895441035587e-241,0.001,0.99,64,0.995,200,19.0,81.0
554,36.55999999999993,22119.534704096564,6.2711418785351695e-242,0.001,0.99,64,0.995,200,25.0,75.0
555,37.31630821066975,22156.851012307256,2.3012445634830093e-242,0.001,0.99,64,0.995,200,19.5,80.5
556,19.45492596500286,22176.305938272253,8.444596922749095e-243,0.001,0.99,64,0.995,200,21.0,79.0
557,15.560314646561158,22191.866252918844,3.098810892127503e-243,0.001,0.99,64,0.995,200,13.0,87.0
558,27.323970448587755,22219.190223367415,1.1371328949164296e-243,0.001,0.99,64,0.995,200,18.5,81.5
559,24.040973099831668,22243.231196467215,4.172798101317034e-244,0.001,0.99,64,0.995,200,24.5,75.5
560,30.913326608169598,22274.14452307539,1.5312409017623828e-244,0.001,0.99,64,0.995,200,9.0,91.0
561,32.27533001560883,22306.419853091007,5.619008258487355e-245,0.001,0.99,64,0.995,200,20.5,79.5
562,58.7678747379965,22365.18772782923,2.061939030795863e-245,0.001,0.99,64,0.995,200,18.5,81.5
563,42.926463161129526,22408.11419099037,7.566446552730144e-246,0.001,0.99,64,0.995,200,15.0,85.0
564,59.64740058206656,22467.761591572653,2.776566745197322e-246,0.001,0.99,64,0.995,200,18.0,82.0
565,41.15768748089261,22508.91927905365,1.0188828846949225e-246,0.001,0.99,64,0.995,200,20.0,80.0
566,41.07547715222527,22549.99475620588,3.738870439617222e-247,0.001,0.99,64,0.995,200,14.000000000000002,86.0
567,38.748299552560916,22588.74305575845,1.3720077522382928e-247,0.001,0.99,64,0.995,200,10.0,90.0
568,24.731664459019697,22613.474720217477,5.034689761527789e-248,0.001,0.99,64,0.995,200,20.5,79.5
569,62.63999999999984,22676.114720217724,1.8475187879572742e-248,0.001,0.99,64,0.995,200,24.5,75.5
570,57.552003666948494,22733.66672388464,6.7796147002697e-249,0.001,0.99,64,0.995,200,8.5,91.5
571,57.999999999999844,22791.66672388487,2.4878326425536677e-249,0.001,0.99,64,0.995,200,26.0,74.0
572,18.81313952847071,22810.47986341334,9.129296473307481e-250,0.001,0.99,64,0.995,200,8.0,92.0
573,59.6701835196969,22870.15004693304,3.3500667477372904e-250,0.001,0.99,64,0.995,200,10.5,89.5
574,35.994119558270725,22906.144166491304,1.2293331963869398e-250,0.001,0.99,64,0.995,200,19.0,81.0
575,44.56463021449854,22950.708796705796,4.511134319218177e-251,0.001,0.99,64,0.995,200,10.5,89.5
576,32.18560536478985,22982.89440207057,1.6553960232944572e-251,0.001,0.99,64,0.995,200,14.499999999999998,85.5
577,38.965923063614454,23021.860325134196,6.074605188022928e-252,0.001,0.99,64,0.995,200,18.0,82.0
578,31.41499461655766,23053.275319750766,2.229123887643366e-252,0.001,0.99,64,0.995,200,23.5,76.5
579,57.71999999999985,23110.995319751008,8.179944461673748e-253,0.001,0.99,64,0.995,200,23.5,76.5
580,-11.157081445089196,23099.83823830593,3.0016946014968214e-253,0.001,0.99,64,0.995,200,20.0,80.0
581,49.789298621703466,23149.62753692761,1.1014953124524674e-253,0.001,0.99,64,0.995,200,16.0,84.0
582,28.418945062440816,23178.046481990044,4.042023204991413e-254,0.001,0.99,64,0.995,200,21.0,79.0
583,42.60125675791327,23220.647738747954,1.4832520306702686e-254,0.001,0.99,64,0.995,200,7.5,92.5
584,32.89614961895444,23253.54388836691,5.442909342456761e-255,0.001,0.99,64,0.995,200,25.5,74.5
585,41.41575468511874,23294.959643052047,1.997318156160939e-255,0.001,0.99,64,0.995,200,22.0,78.0
586,5.403518439563523,23300.363161491605,7.329315198789424e-256,0.001,0.99,64,0.995,200,12.0,88.0
587,29.85691458374433,23330.22007607535,2.6895495400922525e-256,0.001,0.99,64,0.995,200,21.0,79.0
588,51.70872472615485,23381.92880080158,9.869512406568655e-257,0.001,0.99,64,0.995,200,27.0,73.0
589,46.60307171891147,23428.53187252061,3.621694774213814e-257,0.001,0.99,64,0.995,200,26.5,73.5
590,37.23075953124727,23465.76263205185,1.3290092253025423e-257,0.001,0.99,64,0.995,200,28.999999999999996,71.0
591,36.016547039128405,23501.779179090965,4.876903303710018e-258,0.001,0.99,64,0.995,200,11.0,89.0
592,9.963694492302436,23511.742873583255,1.7896178130985757e-258,0.001,0.99,64,0.995,200,19.5,80.5
593,49.23144332978916,23560.974316913092,6.567142544169994e-259,0.001,0.99,64,0.995,200,25.5,74.5
594,29.891729865372028,23590.86604677846,2.40986432297386e-259,0.001,0.99,64,0.995,200,21.5,78.5
595,58.91999999999985,23649.786046778707,8.84318562614093e-260,0.001,0.99,64,0.995,200,25.0,75.0
596,28.630135918434096,23678.41618269715,3.2450761344888246e-260,0.001,0.99,64,0.995,200,18.0,82.0
597,68.95999999999984,23747.376182697342,1.1908060696475884e-260,0.001,0.99,64,0.995,200,11.5,88.5
598,34.37345949524669,23781.74964219257,4.369756014161775e-261,0.001,0.99,64,0.995,200,18.0,82.0
599,31.492379302054097,23813.24202149464,1.603516148431621e-261,0.001,0.99,64,0.995,200,18.5,81.5
600,39.98219520532502,23853.224216699964,5.884227929312006e-262,0.001,0.99,64,0.995,200,24.5,75.5
601,32.526265681937744,23885.75048238194,2.1592634634806098e-262,0.001,0.99,64,0.995,200,16.0,84.0
602,44.96527872225513,23930.71576110428,7.923586170917437e-263,0.001,0.99,64,0.995,200,22.5,77.5
603,30.50062355288823,23961.216384657157,2.9076219215394416e-263,0.001,0.99,64,0.995,200,18.0,82.0
604,52.19429054221411,24013.41067519959,1.066974606731366e-263,0.001,0.99,64,0.995,200,23.5,76.5
605,16.80458787934785,24030.215263078906,3.9153467752327587e-264,0.001,0.99,64,0.995,200,15.5,84.5
606,14.493156830343036,24044.708419909235,1.4367671239419841e-264,0.001,0.99,64,0.995,200,10.5,89.5
607,16.31764979430798,24061.026069703545,5.272329341295204e-265,0.001,0.99,64,0.995,200,12.0,88.0
608,59.119999999999855,24120.146069703802,1.9347224905046445e-265,0.001,0.99,64,0.995,200,20.0,80.0
609,10.495781214811567,24130.641850918615,7.099615507602095e-266,0.001,0.99,64,0.995,200,23.5,76.5
610,60.51999999999984,24191.16185091886,2.6052594417629808e-266,0.001,0.99,64,0.995,200,24.5,75.5
611,20.951862672158402,24212.113713591018,9.56020329780873e-267,0.001,0.99,64,0.995,200,24.0,76.0
612,-4.13345898798765,24207.980254603055,3.5081913774232104e-267,0.001,0.99,64,0.995,200,25.0,75.0
613,43.242609144386996,24251.22286374745,1.287358266057744e-267,0.001,0.99,64,0.995,200,17.5,82.5
614,27.77640620125106,24278.999269948705,4.724061850937251e-268,0.001,0.99,64,0.995,200,18.0,82.0
615,70.12148148097822,24349.12075142968,1.733531446519618e-268,0.001,0.99,64,0.995,200,8.5,91.5
616,59.40570904971609,24408.526460479374,6.361329235086503e-269,0.001,0.99,64,0.995,200,6.5,93.5
617,50.63705671255337,24459.163517192013,2.334339519390326e-269,0.001,0.99,64,0.995,200,26.5,73.5
618,22.968724952497578,24482.13224214451,8.566041452047827e-270,0.001,0.99,64,0.995,200,11.0,89.0
619,54.79999999999987,24536.93224214476,3.1433759120595273e-270,0.001,0.99,64,0.995,200,23.0,77.0
620,40.44794422335554,24577.380186368195,1.1534863775558664e-270,0.001,0.99,64,0.995,200,27.0,73.0
621,4.3817841596205005,24581.761970527816,4.2328084849870785e-271,0.001,0.99,64,0.995,200,20.0,80.0
622,61.95999999999984,24643.721970528062,1.5532621814348966e-271,0.001,0.99,64,0.995,200,23.5,76.5
623,17.118589624627177,24660.8405601527,5.699817066689839e-272,0.001,0.99,64,0.995,200,23.0,77.0
624,32.45691724833322,24693.29747740102,2.0915924550301342e-272,0.001,0.99,64,0.995,200,24.0,76.0
625,18.223947593401313,24711.521424994397,7.67526211236744e-273,0.001,0.99,64,0.995,200,19.5,80.5
626,37.89133250802759,24749.41275750241,2.8164974659317353e-273,0.001,0.99,64,0.995,200,13.0,87.0
627,21.99713020459037,24771.409887707,1.0335357749955791e-273,0.001,0.99,64,0.995,200,12.0,88.0
628,42.24670584806357,24813.65659355504,3.792640366684434e-274,0.001,0.99,64,0.995,200,14.000000000000002,86.0
629,30.798040859921347,24844.454634414953,1.39173904754925e-274,0.001,0.99,64,0.995,200,22.5,77.5
630,36.747374699599945,24881.202009114542,5.1070952929992385e-275,0.001,0.99,64,0.995,200,17.0,83.0
631,15.599798305232477,24896.801807419768,1.874088564066962e-275,0.001,0.99,64,0.995,200,24.0,76.0
632,46.04602454025382,24942.84783196002,6.877114571919333e-276,0.001,0.99,64,0.995,200,16.0,84.0
633,19.871326720138303,24962.719158680167,2.5236109830727993e-276,0.001,0.99,64,0.995,200,9.0,91.0
634,16.291217878002136,24979.0103765582,9.260587892326263e-277,0.001,0.99,64,0.995,200,21.0,79.0
635,73.95999999999982,25052.97037655841,3.3982451608717634e-277,0.001,0.99,64,0.995,200,10.5,89.5
636,37.05987149091269,25090.030248049366,1.2470126419249906e-277,0.001,0.99,64,0.995,200,17.5,82.5
637,50.267623936693695,25140.297871986066,4.576010427457871e-278,0.001,0.99,64,0.995,200,11.5,88.5
638,26.59629035170671,25166.894162337765,1.6792028186561666e-278,0.001,0.99,64,0.995,200,15.5,84.5
639,25.784153606995364,25192.678315944777,6.161966085705075e-279,0.001,0.99,64,0.995,200,17.0,83.0
640,3.9229172874746854,25196.601233232243,2.2611816523608483e-279,0.001,0.99,64,0.995,200,12.0,88.0
641,42.82244530574627,25239.423678537958,8.297582936775122e-280,0.001,0.99,64,0.995,200,13.0,87.0
642,28.53282407869218,25267.95650261664,3.0448629600712106e-280,0.001,0.99,64,0.995,200,28.000000000000004,72.0
643,72.89934488348831,25340.855847500286,1.1173362792824198e-280,0.001,0.99,64,0.995,200,10.5,89.5
644,35.42976951211955,25376.28561701238,4.1001528718109675e-281,0.001,0.99,64,0.995,200,8.0,92.0
645,34.015865365887834,25410.301482378254,1.504583166584042e-281,0.001,0.99,64,0.995,200,15.0,85.0
646,44.46777414417043,25454.76925652243,5.521185614155391e-282,0.001,0.99,64,0.995,200,13.0,87.0
647,24.317126700832414,25479.08638322327,2.0260422463163104e-282,0.001,0.99,64,0.995,200,25.5,74.5
648,14.299653865837909,25493.386037089123,7.434720494334245e-283,0.001,0.99,64,0.995,200,14.000000000000002,86.0
649,45.94090500224873,25539.326942091393,2.728228837743785e-283,0.001,0.99,64,0.995,200,10.5,89.5
650,17.767410862413694,25557.094352953805,1.0011449114689721e-283,0.001,0.99,64,0.995,200,10.0,90.0
651,24.93759704050614,25582.0319499943,3.673779559448904e-284,0.001,0.99,64,0.995,200,11.5,88.5
652,40.22560666229969,25622.257556656594,1.3481221446374865e-284,0.001,0.99,64,0.995,200,11.5,88.5
653,73.63999999999986,25695.897556656768,4.947039656169808e-285,0.001,0.99,64,0.995,200,11.0,89.0
654,58.199999999999854,25754.097556657012,1.8153548962210394e-285,0.001,0.99,64,0.995,200,25.5,74.5
655,44.87999999999989,25798.977556657213,6.661586783772045e-286,0.001,0.99,64,0.995,200,25.0,75.0
656,31.874469431120986,25830.852026088327,2.4445213754128128e-286,0.001,0.99,64,0.995,200,22.5,77.5
657,21.962049479318644,25852.814075567643,8.97036239084539e-287,0.001,0.99,64,0.995,200,16.5,83.5
658,12.905189176263093,25865.719264743922,3.291744643038952e-287,0.001,0.99,64,0.995,200,12.0,88.0
659,24.2274819127163,25889.94674665661,1.207931443888353e-287,0.001,0.99,64,0.995,200,23.0,77.0
660,58.559999999999846,25948.50674665686,4.432598914438142e-288,0.001,0.99,64,0.995,200,16.5,83.5
661,41.24016525447851,25989.74691191136,1.6265768422279923e-288,0.001,0.99,64,0.995,200,11.0,89.0
662,-9.836022423746371,25979.91088948761,5.96885094894211e-289,0.001,0.99,64,0.995,200,21.0,79.0
663,45.60554876642329,26025.516438254086,2.1903165424319616e-289,0.001,0.99,64,0.995,200,20.0,80.0
664,17.387605003910988,26042.904043258,8.037537873016231e-290,0.001,0.99,64,0.995,200,24.0,76.0
665,27.499230218537388,26070.403273476557,2.949437389923608e-290,0.001,0.99,64,0.995,200,21.5,78.5
666,58.95999999999985,26129.36327347681,1.0823191199240781e-290,0.001,0.99,64,0.995,200,21.5,78.5
667,63.29318010561078,26192.656453582425,3.97165466659922e-291,0.001,0.99,64,0.995,200,9.5,90.5
668,64.03066162504466,26256.687115207456,1.4574297451038163e-291,0.001,0.99,64,0.995,200,10.0,90.0
669,57.67999999999986,26314.36711520771,5.348152445822194e-292,0.001,0.99,64,0.995,200,21.0,79.0
670,66.07999999999984,26380.44711520795,1.9625463717783842e-292,0.001,0.99,64,0.995,200,14.499999999999998,85.5
671,20.374023609557796,26400.82113881749,7.201717416243883e-293,0.001,0.99,64,0.995,200,13.0,87.0
672,-14.289730973642474,26386.53140784384,2.642726535752253e-293,0.001,0.99,64,0.995,200,26.5,73.5
673,30.906962917004368,26417.43837076083,9.697691729775885e-294,0.001,0.99,64,0.995,200,12.0,88.0
674,65.280054032032,26482.71842479311,3.558643832930424e-294,0.001,0.99,64,0.995,200,14.499999999999998,85.5
675,28.70422787723335,26511.422652670328,1.3058721892314054e-294,0.001,0.99,64,0.995,200,22.5,77.5
676,38.069702089911345,26549.49235476026,4.792000140131378e-295,0.001,0.99,64,0.995,200,11.5,88.5
677,54.43950766569497,26603.93186242616,1.758461933134097e-295,0.001,0.99,64,0.995,200,20.5,79.5
678,29.94483431991556,26633.87669674607,6.452813605712728e-296,0.001,0.99,64,0.995,200,19.5,80.5
679,59.76361789907347,26693.640314645276,2.3679104247573183e-296,0.001,0.99,64,0.995,200,11.5,88.5
680,55.3039081254755,26748.94422277082,8.689232515116293e-297,0.001,0.99,64,0.995,200,12.5,87.5
681,31.114422060965577,26780.05864483176,3.188581836219258e-297,0.001,0.99,64,0.995,200,22.5,77.5
682,26.07098209539935,26806.129626927155,1.1700750450146403e-297,0.001,0.99,64,0.995,200,8.0,92.0
683,47.85639264941427,26853.98601957656,4.29368189774719e-298,0.001,0.99,64,0.995,200,24.0,76.0
684,-13.185582926042228,26840.80043665053,1.575600156382386e-298,0.001,0.99,64,0.995,200,16.0,84.0
685,11.191654853600651,26851.99209150414,5.781788012974888e-299,0.001,0.99,64,0.995,200,18.0,82.0
686,42.21967486064435,26894.211766364777,2.121672334923726e-299,0.001,0.99,64,0.995,200,11.5,88.5
687,66.99878117000576,26961.210547534985,7.785642584402818e-300,0.001,0.99,64,0.995,200,13.0,87.0
688,22.502061383928183,26983.71260891889,2.8570024435109462e-300,0.001,0.99,64,0.995,200,27.0,73.0
689,55.75999999999986,27039.47260891914,1.0483993933371146e-300,0.001,0.99,64,0.995,200,20.0,80.0
690,47.166450092157994,27086.6390590113,3.847183576780228e-301,0.001,0.99,64,0.995,200,23.0,77.0
691,9.347578369203607,27095.986637380483,1.411754105115957e-301,0.001,0.99,64,0.995,200,22.0,78.0
692,19.004494683674473,27114.991132064133,5.18054211226326e-302,0.001,0.99,64,0.995,200,11.5,88.5
693,10.470679707337833,27125.461811771464,1.9010404488768008e-302,0.001,0.99,64,0.995,200,22.5,77.5
694,28.033058616287725,27153.49487038781,6.976016621331661e-303,0.001,0.99,64,0.995,200,11.5,88.5
695,12.110667042037697,27165.60553742986,2.5599038636894025e-303,0.001,0.99,64,0.995,200,18.0,82.0
696,38.86613631696971,27204.471673746844,9.393767456478633e-304,0.001,0.99,64,0.995,200,24.5,75.5
697,37.61703205372145,27242.088705800572,3.4471164436315598e-304,0.001,0.99,64,0.995,200,21.0,79.0
698,53.99256595394483,27296.081271754556,1.2649463413914873e-304,0.001,0.99,64,0.995,200,23.5,76.5
699,57.27999999999986,27353.36127175481,4.64181954037505e-305,0.001,0.99,64,0.995,200,20.5,79.5
700,38.00542980088015,27391.36670155566,1.7033519873819873e-305,0.001,0.99,64,0.995,200,19.0,81.0
701,16.509352406720538,27407.87605396241,6.250583349226314e-306,0.001,0.99,64,0.995,200,25.0,75.0
702,69.2163554609922,27477.092409423534,2.2937004503499384e-306,0.001,0.99,64,0.995,200,11.5,88.5
703,39.54943304114675,27516.64184246469,8.416913209527418e-307,0.001,0.99,64,0.995,200,20.5,79.5
704,23.99547022131362,27540.637312686024,3.0886521370263846e-307,0.001,0.99,64,0.995,200,12.5,87.5
705,14.508080406628059,27555.14539309265,1.1334050602730735e-307,0.001,0.99,64,0.995,200,10.5,89.5
706,30.505801089157966,27585.651194181773,4.159118520512218e-308,0.001,0.99,64,0.995,200,10.5,89.5
707,39.76602573010839,27625.417219911902,1.5262210725881216e-308,0.001,0.99,64,0.995,200,19.5,80.5
708,59.316941028989326,27684.734160941116,5.6005876026951e-309,0.001,0.99,64,0.995,200,21.0,79.0
709,66.23999999999981,27750.974160941343,2.055179427071607e-309,0.001,0.99,64,0.995,200,13.0,87.0
710,61.679999999999836,27812.654160941584,7.54164165814643e-310,0.001,0.99,64,0.995,200,25.0,75.0
711,10.853980114486994,27823.508141056078,2.7674643951127e-310,0.001,0.99,64,0.995,200,8.5,91.5
712,37.504666105341585,27861.012807161424,1.015542706135e-310,0.001,0.99,64,0.995,200,9.5,90.5
713,12.918055176519037,27873.93086233797,3.7266133931344e-311,0.001,0.99,64,0.995,200,13.0,87.0
714,25.300945404604374,27899.231807742588,1.3675099331594e-311,0.001,0.99,64,0.995,200,19.5,80.5
715,19.701121261250414,27918.93292900384,5.018184662613e-312,0.001,0.99,64,0.995,200,22.0,78.0
716,46.91927439239511,27965.852203396247,1.841462112836e-312,0.001,0.99,64,0.995,200,21.5,78.5
717,11.997553852859973,27977.849757249107,6.7573892572e-313,0.001,0.99,64,0.995,200,20.0,80.0
718,7.378096443818731,27985.22785369294,2.4796768426e-313,0.001,0.99,64,0.995,200,13.5,86.5
719,50.700566118916306,28035.928419812008,9.099368128e-314,0.001,0.99,64,0.995,200,24.0,76.0
720,25.351272176060156,28061.279691988086,3.3390843074e-314,0.001,0.99,64,0.995,200,19.5,80.5
721,29.294454006251094,28090.574145994342,1.2253031043e-314,0.001,0.99,64,0.995,200,23.5,76.5
722,12.928797861193834,28103.50294385554,4.496345575e-315,0.001,0.99,64,0.995,200,24.0,76.0
723,32.97334552671566,28136.476289382263,1.64996917e-315,0.001,0.99,64,0.995,200,8.5,91.5
724,31.252660282444076,28167.728949664677,6.05469094e-316,0.001,0.99,64,0.995,200,22.0,78.0
725,41.33769754517045,28209.066647209886,2.22181603e-316,0.001,0.99,64,0.995,200,23.0,77.0
726,56.45636286112647,28265.523010071145,8.153126e-317,0.001,0.99,64,0.995,200,16.5,83.5
727,33.18118266403165,28298.70419273517,2.9918526e-317,0.001,0.99,64,0.995,200,15.5,84.5
728,32.84304757231787,28331.547240307496,1.0978845e-317,0.001,0.99,64,0.995,200,20.0,80.0
729,63.23501218641431,28394.782252493915,4.02875e-318,0.001,0.99,64,0.995,200,9.0,91.0
730,54.70085068362458,28449.48310317768,1.478393e-318,0.001,0.99,64,0.995,200,25.5,74.5
731,-7.403567526574081,28442.079535651108,5.42504e-319,0.001,0.99,64,0.995,200,25.5,74.5
732,50.44333435147812,28492.522870002595,1.99074e-319,0.001,0.99,64,0.995,200,16.5,83.5
733,63.19999999999983,28555.72287000284,7.305e-320,0.001,0.99,64,0.995,200,25.5,74.5
734,80.23999999999985,28635.96287000299,2.68e-320,0.001,0.99,64,0.995,200,8.5,91.5
735,49.92695214480615,28685.88982214783,9.83e-321,0.001,0.99,64,0.995,200,14.499999999999998,85.5
736,48.65509974737296,28734.544921895264,3.607e-321,0.001,0.99,64,0.995,200,16.5,83.5
737,-0.17803810571888265,28734.366883789535,1.35e-321,0.001,0.99,64,0.995,200,18.5,81.5
738,42.25872766552227,28776.625611455074,4.9e-322,0.001,0.99,64,0.995,200,10.0,90.0
739,45.032432276999124,28821.658043732114,4.9e-322,0.001,0.99,64,0.995,200,19.5,80.5
740,45.222568695874074,28866.880612428,4.9e-322,0.001,0.99,64,0.995,200,15.0,85.0
741,55.985374928997324,28922.86598735711,4.9e-322,0.001,0.99,64,0.995,200,14.000000000000002,86.0
742,7.0767726553240395,28929.94276001245,4.9e-322,0.001,0.99,64,0.995,200,12.0,88.0
743,31.2849395828736,28961.227699595314,4.9e-322,0.001,0.99,64,0.995,200,24.0,76.0
744,52.63742564892431,29013.865125244254,4.9e-322,0.001,0.99,64,0.995,200,9.0,91.0
745,49.38886738389767,29063.253992628135,4.9e-322,0.001,0.99,64,0.995,200,9.5,90.5
746,20.721272162175733,29083.97526479032,4.9e-322,0.001,0.99,64,0.995,200,15.5,84.5
747,35.44205516795577,29119.417319958273,4.9e-322,0.001,0.99,64,0.995,200,13.0,87.0
748,81.59999999999985,29201.017319958435,4.9e-322,0.001,0.99,64,0.995,200,8.0,92.0
749,20.651754556891873,29221.669074515325,4.9e-322,0.001,0.99,64,0.995,200,19.5,80.5
750,23.79027297117935,29245.459347486514,4.9e-322,0.001,0.99,64,0.995,200,13.5,86.5
751,48.945716028827775,29294.405063515354,4.9e-322,0.001,0.99,64,0.995,200,12.5,87.5
752,21.64013228878453,29316.045195804163,4.9e-322,0.001,0.99,64,0.995,200,21.5,78.5
753,29.274967247856804,29345.320163052034,4.9e-322,0.001,0.99,64,0.995,200,20.0,80.0
754,27.839194641450277,29373.1593576935,4.9e-322,0.001,0.99,64,0.995,200,22.0,78.0
755,64.15999999999984,29437.319357693767,4.9e-322,0.001,0.99,64,0.995,200,16.5,83.5
756,44.50171327586991,29481.821070969647,4.9e-322,0.001,0.99,64,0.995,200,12.5,87.5
757,58.39999999999985,29540.221070969903,4.9e-322,0.001,0.99,64,0.995,200,20.5,79.5
758,30.7515951857385,29570.97266615563,4.9e-322,0.001,0.99,64,0.995,200,14.000000000000002,86.0
759,51.47568734952989,29622.448353505373,4.9e-322,0.001,0.99,64,0.995,200,25.5,74.5
760,41.61413131074071,29664.062484816102,4.9e-322,0.001,0.99,64,0.995,200,17.5,82.5
761,55.01080711722022,29719.073291933324,4.9e-322,0.001,0.99,64,0.995,200,14.000000000000002,86.0
762,69.18564241948494,29788.258934352983,4.9e-322,0.001,0.99,64,0.995,200,12.0,88.0
763,47.60157035160958,29835.86050470456,4.9e-322,0.001,0.99,64,0.995,200,15.0,85.0
764,35.40786855019647,29871.268373254785,4.9e-322,0.001,0.99,64,0.995,200,14.000000000000002,86.0
765,62.79999999999984,29934.068373255042,4.9e-322,0.001,0.99,64,0.995,200,16.0,84.0
766,28.250223627224536,29962.318596882276,4.9e-322,0.001,0.99,64,0.995,200,15.5,84.5
767,46.154735239662564,30008.47333212193,4.9e-322,0.001,0.99,64,0.995,200,11.5,88.5
768,56.39999999999986,30064.873332122177,4.9e-322,0.001,0.99,64,0.995,200,18.0,82.0
769,54.91999999999986,30119.793332122423,4.9e-322,0.001,0.99,64,0.995,200,25.0,75.0
770,60.55999999999985,30180.353332122682,4.9e-322,0.001,0.99,64,0.995,200,19.0,81.0
771,54.05235035205228,30234.405682474906,4.9e-322,0.001,0.99,64,0.995,200,20.5,79.5
772,45.42759492732681,30279.83327740223,4.9e-322,0.001,0.99,64,0.995,200,20.5,79.5
773,37.19171664250148,30317.024994044696,4.9e-322,0.001,0.99,64,0.995,200,7.000000000000001,93.0
774,36.46728789423978,30353.49228193893,4.9e-322,0.001,0.99,64,0.995,200,24.5,75.5
775,31.796718310095596,30385.28900024903,4.9e-322,0.001,0.99,64,0.995,200,15.0,85.0
776,72.63756301689676,30457.926563266035,4.9e-322,0.001,0.99,64,0.995,200,10.0,90.0
777,20.732512563073634,30478.659075829088,4.9e-322,0.001,0.99,64,0.995,200,18.0,82.0
778,56.0115679560221,30534.670643785328,4.9e-322,0.001,0.99,64,0.995,200,14.499999999999998,85.5
779,8.837234190369594,30543.507877975688,4.9e-322,0.001,0.99,64,0.995,200,15.5,84.5
780,35.8055053035364,30579.31338327925,4.9e-322,0.001,0.99,64,0.995,200,12.0,88.0
781,26.554102770502947,30605.867486049767,4.9e-322,0.001,0.99,64,0.995,200,8.5,91.5
782,-4.488945201754687,30601.378540848007,4.9e-322,0.001,0.99,64,0.995,200,21.5,78.5
783,69.31999999999984,30670.69854084824,4.9e-322,0.001,0.99,64,0.995,200,13.0,87.0
784,29.70160688441514,30700.400147732664,4.9e-322,0.001,0.99,64,0.995,200,11.5,88.5
785,66.31999999999984,30766.720147732933,4.9e-322,0.001,0.99,64,0.995,200,15.0,85.0
786,27.475797421855717,30794.195945154803,4.9e-322,0.001,0.99,64,0.995,200,20.0,80.0
787,14.075251413028498,30808.27119656782,4.9e-322,0.001,0.99,64,0.995,200,24.0,76.0
788,77.79999999999986,30886.071196567962,4.9e-322,0.001,0.99,64,0.995,200,10.0,90.0
789,69.35999999999983,30955.43119656818,4.9e-322,0.001,0.99,64,0.995,200,13.0,87.0
790,16.974843526622195,30972.40604009479,4.9e-322,0.001,0.99,64,0.995,200,13.5,86.5
791,50.84928820391188,31023.25532829886,4.9e-322,0.001,0.99,64,0.995,200,22.5,77.5
792,57.35117148702801,31080.606499785892,4.9e-322,0.001,0.99,64,0.995,200,9.0,91.0
793,65.04305311042415,31145.649552896353,4.9e-322,0.001,0.99,64,0.995,200,11.5,88.5
794,10.403687188933397,31156.053240085294,4.9e-322,0.001,0.99,64,0.995,200,19.5,80.5
795,44.83689021111428,31200.89013029646,4.9e-322,0.001,0.99,64,0.995,200,21.5,78.5
796,9.65875298701369,31210.5488832835,4.9e-322,0.001,0.99,64,0.995,200,28.999999999999996,71.0
797,40.910930853613166,31251.459814137135,4.9e-322,0.001,0.99,64,0.995,200,13.5,86.5
798,33.02871763466275,31284.488531771807,4.9e-322,0.001,0.99,64,0.995,200,25.5,74.5
799,63.9365595217763,31348.42509129373,4.9e-322,0.001,0.99,64,0.995,200,11.5,88.5
800,32.17121008158215,31380.596301375335,4.9e-322,0.001,0.99,64,0.995,200,24.5,75.5
801,68.74373995104538,31449.3400413265,4.9e-322,0.001,0.99,64,0.995,200,10.5,89.5
802,40.841095573449216,31490.181136899984,4.9e-322,0.001,0.99,64,0.995,200,23.5,76.5
803,32.744299266631245,31522.92543616665,4.9e-322,0.001,0.99,64,0.995,200,11.5,88.5
804,35.07134264621231,31557.99677881284,4.9e-322,0.001,0.99,64,0.995,200,24.5,75.5
805,48.53229106630809,31606.52906987917,4.9e-322,0.001,0.99,64,0.995,200,19.0,81.0
806,21.874751796850802,31628.403821676002,4.9e-322,0.001,0.99,64,0.995,200,26.0,74.0
807,55.055411834469794,31683.45923351058,4.9e-322,0.001,0.99,64,0.995,200,16.5,83.5
808,-4.37655242601043,31679.08268108458,4.9e-322,0.001,0.99,64,0.995,200,24.5,75.5
809,33.61626371890033,31712.698944803473,4.9e-322,0.001,0.99,64,0.995,200,15.5,84.5
810,30.432285727397314,31743.131230530853,4.9e-322,0.001,0.99,64,0.995,200,18.0,82.0
811,42.39047741030013,31785.52170794117,4.9e-322,0.001,0.99,64,0.995,200,12.0,88.0
812,48.422155098012276,31833.943863039163,4.9e-322,0.001,0.99,64,0.995,200,24.5,75.5
813,33.36031131309362,31867.30417435228,4.9e-322,0.001,0.99,64,0.995,200,14.000000000000002,86.0
814,57.67999999999985,31924.984174352536,4.9e-322,0.001,0.99,64,0.995,200,21.0,79.0
815,65.52012875538114,31990.504303107922,4.9e-322,0.001,0.99,64,0.995,200,10.5,89.5
816,5.428296909669016,31995.932600017597,4.9e-322,0.001,0.99,64,0.995,200,13.5,86.5
817,23.656000817831,32019.58860083546,4.9e-322,0.001,0.99,64,0.995,200,16.0,84.0
818,27.947617559118527,32047.536218394584,4.9e-322,0.001,0.99,64,0.995,200,21.0,79.0
819,47.22590405495522,32094.76212244956,4.9e-322,0.001,0.99,64,0.995,200,14.499999999999998,85.5
820,31.253454007777293,32126.015576457365,4.9e-322,0.001,0.99,64,0.995,200,24.5,75.5
821,44.35600881505199,32170.371585272427,4.9e-322,0.001,0.99,64,0.995,200,12.0,88.0
822,58.997551288466425,32229.369136560905,4.9e-322,0.001,0.99,64,0.995,200,8.0,92.0
823,23.122550930920237,32252.491687491827,4.9e-322,0.001,0.99,64,0.995,200,18.0,82.0
824,75.07999999999987,32327.57168749199,4.9e-322,0.001,0.99,64,0.995,200,10.5,89.5
825,44.974960524231584,32372.546648016225,4.9e-322,0.001,0.99,64,0.995,200,28.000000000000004,72.0
826,36.065227952404165,32408.61187596864,4.9e-322,0.001,0.99,64,0.995,200,11.0,89.0
827,32.13087786710251,32440.742753835762,4.9e-322,0.001,0.99,64,0.995,200,24.5,75.5
828,23.031484807013,32463.774238642767,4.9e-322,0.001,0.99,64,0.995,200,23.5,76.5
829,59.79608178476297,32523.57032042751,4.9e-322,0.001,0.99,64,0.995,200,10.5,89.5
830,15.554138668880865,32539.124459096405,4.9e-322,0.001,0.99,64,0.995,200,17.0,83.0
831,35.37453242440795,32574.49899152085,4.9e-322,0.001,0.99,64,0.995,200,13.5,86.5
832,56.439999999999856,32630.9389915211,4.9e-322,0.001,0.99,64,0.995,200,21.0,79.0
833,52.50371562851749,32683.442707149632,4.9e-322,0.001,0.99,64,0.995,200,11.5,88.5
834,35.65917185234767,32719.101879001988,4.9e-322,0.001,0.99,64,0.995,200,24.0,76.0
835,7.2527744611161875,32726.3546534631,4.9e-322,0.001,0.99,64,0.995,200,22.0,78.0
836,46.53950114270562,32772.894154605805,4.9e-322,0.001,0.99,64,0.995,200,17.5,82.5
837,-3.038241851653585,32769.855912754174,4.9e-322,0.001,0.99,64,0.995,200,16.0,84.0
838,69.07859633522679,32838.93450908896,4.9e-322,0.001,0.99,64,0.995,200,13.5,86.5
839,-4.948625908644063,32833.98588318027,4.9e-322,0.001,0.99,64,0.995,200,22.0,78.0
840,42.591172092761624,32876.577055272886,4.9e-322,0.001,0.99,64,0.995,200,22.5,77.5
841,33.5176585909553,32910.09471386376,4.9e-322,0.001,0.99,64,0.995,200,20.0,80.0
842,36.63998480067924,32946.73469866445,4.9e-322,0.001,0.99,64,0.995,200,24.5,75.5
843,33.001894180658915,32979.73659284514,4.9e-322,0.001,0.99,64,0.995,200,22.5,77.5
844,4.810350554622425,32984.546943399786,4.9e-322,0.001,0.99,64,0.995,200,13.0,87.0
845,44.660725623809675,33029.2076690236,4.9e-322,0.001,0.99,64,0.995,200,20.5,79.5
846,24.68458131462998,33053.89225033822,4.9e-322,0.001,0.99,64,0.995,200,18.0,82.0
847,25.67915785841192,33079.5714081966,4.9e-322,0.001,0.99,64,0.995,200,8.5,91.5
848,65.99188690933897,33145.563295105494,4.9e-322,0.001,0.99,64,0.995,200,15.0,85.0
849,32.12521051729073,33177.68850562276,4.9e-322,0.001,0.99,64,0.995,200,14.000000000000002,86.0
850,35.90291082060919,33213.59141644342,4.9e-322,0.001,0.99,64,0.995,200,16.5,83.5
851,20.53637250477795,33234.12778894817,4.9e-322,0.001,0.99,64,0.995,200,18.0,82.0
852,51.690261665802375,33285.81805061384,4.9e-322,0.001,0.99,64,0.995,200,21.0,79.0
853,56.9606215823341,33342.77867219598,4.9e-322,0.001,0.99,64,0.995,200,14.000000000000002,86.0
854,39.80568989578619,33382.58436209172,4.9e-322,0.001,0.99,64,0.995,200,16.0,84.0
855,44.45373435544628,33427.03809644718,4.9e-322,0.001,0.99,64,0.995,200,14.000000000000002,86.0
856,52.136609606784376,33479.17470605373,4.9e-322,0.001,0.99,64,0.995,200,15.5,84.5
857,64.87197366208905,33544.04667971547,4.9e-322,0.001,0.99,64,0.995,200,12.5,87.5
858,57.159999999999854,33601.20667971501,4.9e-322,0.001,0.99,64,0.995,200,20.5,79.5
859,11.64062335160669,33612.84730306666,4.9e-322,0.001,0.99,64,0.995,200,18.0,82.0
860,72.95999999999984,33685.807303066314,4.9e-322,0.001,0.99,64,0.995,200,10.0,90.0
861,77.55999999999985,33763.367303065956,4.9e-322,0.001,0.99,64,0.995,200,9.5,90.5
862,23.629230422426488,33786.99653348835,4.9e-322,0.001,0.99,64,0.995,200,17.0,83.0
863,27.253425357566798,33814.24995884591,4.9e-322,0.001,0.99,64,0.995,200,26.0,74.0
864,42.65475191859234,33856.90471076447,4.9e-322,0.001,0.99,64,0.995,200,9.5,90.5
865,75.63999999999983,33932.5447107641,4.9e-322,0.001,0.99,64,0.995,200,10.5,89.5
866,12.832251327017458,33945.37696209107,4.9e-322,0.001,0.99,64,0.995,200,26.0,74.0
867,43.81339485057103,33989.19035694165,4.9e-322,0.001,0.99,64,0.995,200,19.0,81.0
868,18.441295287184783,34007.63165222885,4.9e-322,0.001,0.99,64,0.995,200,12.0,88.0
869,38.11140810144677,34045.74306033029,4.9e-322,0.001,0.99,64,0.995,200,21.0,79.0
870,75.08759638935027,34120.83065671929,4.9e-322,0.001,0.99,64,0.995,200,10.5,89.5
871,54.518740744176235,34175.34939746346,4.9e-322,0.001,0.99,64,0.995,200,12.5,87.5
872,54.03829220602397,34229.387689669486,4.9e-322,0.001,0.99,64,0.995,200,11.0,89.0
873,41.84328717158479,34271.230976841056,4.9e-322,0.001,0.99,64,0.995,200,15.0,85.0
874,4.301820412735307,34275.53279725372,4.9e-322,0.001,0.99,64,0.995,200,23.0,77.0
875,76.99999999999984,34352.53279725336,4.9e-322,0.001,0.99,64,0.995,200,10.0,90.0
876,6.584086083783231,34359.11688333712,4.9e-322,0.001,0.99,64,0.995,200,21.5,78.5
877,8.87130168553798,34367.98818502262,4.9e-322,0.001,0.99,64,0.995,200,23.5,76.5
878,52.009192888176955,34419.9973779108,4.9e-322,0.001,0.99,64,0.995,200,15.0,85.0
879,45.05142339624474,34465.04880130706,4.9e-322,0.001,0.99,64,0.995,200,22.0,78.0
880,76.79999999999983,34541.84880130668,4.9e-322,0.001,0.99,64,0.995,200,10.0,90.0
881,0.9894771133788354,34542.83827842012,4.9e-322,0.001,0.99,64,0.995,200,20.5,79.5
882,54.41446568295543,34597.25274410273,4.9e-322,0.001,0.99,64,0.995,200,20.0,80.0
883,-8.171471386720937,34589.08127271593,4.9e-322,0.001,0.99,64,0.995,200,13.0,87.0
884,19.511178710787092,34608.5924514267,4.9e-322,0.001,0.99,64,0.995,200,28.000000000000004,72.0
885,29.9371249377653,34638.529576364475,4.9e-322,0.001,0.99,64,0.995,200,7.5,92.5
886,44.877020455893884,34683.40659682038,4.9e-322,0.001,0.99,64,0.995,200,10.5,89.5
887,28.401211874637895,34711.80780869507,4.9e-322,0.001,0.99,64,0.995,200,14.499999999999998,85.5
888,61.19999999999984,34773.00780869459,4.9e-322,0.001,0.99,64,0.995,200,25.5,74.5
889,51.0798254256138,34824.087634120144,4.9e-322,0.001,0.99,64,0.995,200,14.000000000000002,86.0
890,39.43699231205878,34863.52462643217,4.9e-322,0.001,0.99,64,0.995,200,26.5,73.5
891,58.370327050426674,34921.89495348214,4.9e-322,0.001,0.99,64,0.995,200,20.0,80.0
892,20.560990337372456,34942.455943819565,4.9e-322,0.001,0.99,64,0.995,200,22.5,77.5
893,67.20872583765986,35009.66466965697,4.9e-322,0.001,0.99,64,0.995,200,13.5,86.5
894,48.1178654895631,35057.78253514626,4.9e-322,0.001,0.99,64,0.995,200,21.5,78.5
895,72.76857857483378,35130.551113720765,4.9e-322,0.001,0.99,64,0.995,200,12.0,88.0
896,40.66073129375454,35171.211845014535,4.9e-322,0.001,0.99,64,0.995,200,24.0,76.0
897,57.67999999999985,35228.89184501406,4.9e-322,0.001,0.99,64,0.995,200,21.0,79.0
898,62.90744164512775,35291.7992866589,4.9e-322,0.001,0.99,64,0.995,200,15.5,84.5
899,48.62910559064192,35340.42839224947,4.9e-322,0.001,0.99,64,0.995,200,11.5,88.5
900,45.848940945331556,35386.277333194776,4.9e-322,0.001,0.99,64,0.995,200,9.0,91.0
901,-7.470395552795728,35378.806937642,4.9e-322,0.001,0.99,64,0.995,200,16.5,83.5
902,42.621549522280304,35421.4284871643,4.9e-322,0.001,0.99,64,0.995,200,26.5,73.5
903,60.01517224233541,35481.443659406614,4.9e-322,0.001,0.99,64,0.995,200,7.000000000000001,93.0
904,60.239999999999846,35541.68365940614,4.9e-322,0.001,0.99,64,0.995,200,24.0,76.0
905,13.912638704971258,35555.59629811107,4.9e-322,0.001,0.99,64,0.995,200,16.0,84.0
906,67.80364996229859,35623.39994807309,4.9e-322,0.001,0.99,64,0.995,200,12.0,88.0
907,6.894225049688509,35630.29417312274,4.9e-322,0.001,0.99,64,0.995,200,14.000000000000002,86.0
908,-8.495493424879816,35621.79867969783,4.9e-322,0.001,0.99,64,0.995,200,18.0,82.0
909,48.2065550776696,35670.005234775555,4.9e-322,0.001,0.99,64,0.995,200,15.0,85.0
910,45.74913756063749,35715.75437233622,4.9e-322,0.001,0.99,64,0.995,200,9.0,91.0
911,27.528291861909565,35743.282664198116,4.9e-322,0.001,0.99,64,0.995,200,20.0,80.0
912,38.897377288339214,35782.1800414865,4.9e-322,0.001,0.99,64,0.995,200,15.5,84.5
913,47.493592939012096,35829.673634425504,4.9e-322,0.001,0.99,64,0.995,200,25.5,74.5
914,52.788590126780676,35882.462224551884,4.9e-322,0.001,0.99,64,0.995,200,25.5,74.5
915,55.27925610864745,35937.741480660174,4.9e-322,0.001,0.99,64,0.995,200,21.5,78.5
916,44.804861623959034,35982.54634228411,4.9e-322,0.001,0.99,64,0.995,200,10.0,90.0
917,11.437596990865863,35993.983939275015,4.9e-322,0.001,0.99,64,0.995,200,19.0,81.0
918,63.75999999999983,36057.74393927453,4.9e-322,0.001,0.99,64,0.995,200,26.5,73.5
919,26.967323823340333,36084.71126309789,4.9e-322,0.001,0.99,64,0.995,200,15.0,85.0
920,28.991656671702945,36113.70291976958,4.9e-322,0.001,0.99,64,0.995,200,14.000000000000002,86.0
921,59.07999999999985,36172.7829197691,4.9e-322,0.001,0.99,64,0.995,200,25.5,74.5
922,31.19627707075822,36203.979196839835,4.9e-322,0.001,0.99,64,0.995,200,13.0,87.0
923,26.464988287594686,36230.444185127424,4.9e-322,0.001,0.99,64,0.995,200,8.5,91.5
924,35.46150968264059,36265.905694810026,4.9e-322,0.001,0.99,64,0.995,200,24.0,76.0
925,62.31999999999984,36328.22569480967,4.9e-322,0.001,0.99,64,0.995,200,11.5,88.5
926,10.804870585398664,36339.03056539509,4.9e-322,0.001,0.99,64,0.995,200,8.5,91.5
927,58.99999999999985,36398.03056539463,4.9e-322,0.001,0.99,64,0.995,200,22.0,78.0
928,27.57954363974686,36425.61010903436,4.9e-322,0.001,0.99,64,0.995,200,20.5,79.5
929,31.867385298169317,36457.47749433253,4.9e-322,0.001,0.99,64,0.995,200,24.5,75.5
930,39.741241225140705,36497.21873555767,4.9e-322,0.001,0.99,64,0.995,200,23.5,76.5
931,35.24121649377553,36532.45995205144,4.9e-322,0.001,0.99,64,0.995,200,21.5,78.5
932,54.967957225824804,36587.42790927718,4.9e-322,0.001,0.99,64,0.995,200,15.5,84.5
933,13.031432952600996,36600.45934222975,4.9e-322,0.001,0.99,64,0.995,200,20.0,80.0
934,19.74251559719326,36620.201857826905,4.9e-322,0.001,0.99,64,0.995,200,22.0,78.0
935,62.208079134293065,36682.409936961114,4.9e-322,0.001,0.99,64,0.995,200,12.5,87.5
936,23.022531400346924,36705.432468361454,4.9e-322,0.001,0.99,64,0.995,200,12.5,87.5
937,11.729907966864326,36717.16237632828,4.9e-322,0.001,0.99,64,0.995,200,16.0,84.0
938,79.15792773136589,36796.320304059336,4.9e-322,0.001,0.99,64,0.995,200,8.5,91.5
939,3.7860615765558485,36800.10636563591,4.9e-322,0.001,0.99,64,0.995,200,22.5,77.5
940,14.278995592960252,36814.38536122892,4.9e-322,0.001,0.99,64,0.995,200,15.0,85.0
941,31.434735078140626,36845.82009630708,4.9e-322,0.001,0.99,64,0.995,200,23.0,77.0
942,63.18494863459209,36909.005044941594,4.9e-322,0.001,0.99,64,0.995,200,11.5,88.5
943,-10.97741588447789,36898.02762905717,4.9e-322,0.001,0.99,64,0.995,200,17.0,83.0
944,63.52177555415528,36961.54940461124,4.9e-322,0.001,0.99,64,0.995,200,13.5,86.5
945,35.0571039430577,36996.60650855424,4.9e-322,0.001,0.99,64,0.995,200,22.0,78.0
946,40.6465824273102,37037.253090981605,4.9e-322,0.001,0.99,64,0.995,200,18.5,81.5
947,0.2300158953881991,37037.48310687699,4.9e-322,0.001,0.99,64,0.995,200,24.5,75.5
948,30.745234882927004,37068.22834175993,4.9e-322,0.001,0.99,64,0.995,200,15.0,85.0
949,21.72893313099724,37089.95727489094,4.9e-322,0.001,0.99,64,0.995,200,18.5,81.5
950,55.352410571303096,37145.30968546222,4.9e-322,0.001,0.99,64,0.995,200,7.5,92.5
951,68.02437148048185,37213.334056942345,4.9e-322,0.001,0.99,64,0.995,200,14.499999999999998,85.5
952,17.427836728927485,37230.76189367123,4.9e-322,0.001,0.99,64,0.995,200,23.0,77.0
953,62.719999999999835,37293.48189367077,4.9e-322,0.001,0.99,64,0.995,200,17.5,82.5
954,62.81795644412196,37356.29985011488,4.9e-322,0.001,0.99,64,0.995,200,8.5,91.5
955,10.790876087665216,37367.09072620259,4.9e-322,0.001,0.99,64,0.995,200,17.0,83.0
956,57.959999999999866,37425.05072620211,4.9e-322,0.001,0.99,64,0.995,200,21.5,78.5
957,61.999999999999844,37487.05072620165,4.9e-322,0.001,0.99,64,0.995,200,18.0,82.0
958,60.19999999999985,37547.250726201164,4.9e-322,0.001,0.99,64,0.995,200,25.5,74.5
959,22.63513839919481,37569.885864600365,4.9e-322,0.001,0.99,64,0.995,200,22.5,77.5
960,32.14395238841623,37602.02981698879,4.9e-322,0.001,0.99,64,0.995,200,17.0,83.0
961,50.44612728651558,37652.47594427521,4.9e-322,0.001,0.99,64,0.995,200,23.5,76.5
962,18.63018658801964,37671.10613086322,4.9e-322,0.001,0.99,64,0.995,200,16.0,84.0
963,48.281668662882716,37719.38779952603,4.9e-322,0.001,0.99,64,0.995,200,16.0,84.0
964,72.76923095600787,37792.15703048176,4.9e-322,0.001,0.99,64,0.995,200,12.0,88.0
965,21.05594384647217,37813.212974328235,4.9e-322,0.001,0.99,64,0.995,200,10.0,90.0
966,37.34017787441923,37850.553152202636,4.9e-322,0.001,0.99,64,0.995,200,11.0,89.0
967,37.4671953515592,37888.02034755419,4.9e-322,0.001,0.99,64,0.995,200,10.5,89.5
968,47.916892039411636,37935.937239593586,4.9e-322,0.001,0.99,64,0.995,200,12.0,88.0
969,9.066188468337927,37945.003428061915,4.9e-322,0.001,0.99,64,0.995,200,13.5,86.5
970,50.475163746185814,37995.47859180806,4.9e-322,0.001,0.99,64,0.995,200,17.5,82.5
971,55.079999999999856,38050.55859180758,4.9e-322,0.001,0.99,64,0.995,200,23.5,76.5
972,54.6324449830698,38105.19103679069,4.9e-322,0.001,0.99,64,0.995,200,10.5,89.5
973,6.424553151657959,38111.61558994235,4.9e-322,0.001,0.99,64,0.995,200,23.0,77.0
974,51.63999270924012,38163.25558265159,4.9e-322,0.001,0.99,64,0.995,200,10.5,89.5
975,33.73836749175234,38196.993950143275,4.9e-322,0.001,0.99,64,0.995,200,22.5,77.5
976,6.658244260929682,38203.652194404196,4.9e-322,0.001,0.99,64,0.995,200,20.0,80.0
977,64.03797367947124,38267.69016808368,4.9e-322,0.001,0.99,64,0.995,200,8.5,91.5
978,40.02339152184096,38307.71355960548,4.9e-322,0.001,0.99,64,0.995,200,15.0,85.0
979,40.38298979404518,38348.09654939953,4.9e-322,0.001,0.99,64,0.995,200,17.0,83.0
980,25.55168425505834,38373.64823365453,4.9e-322,0.001,0.99,64,0.995,200,18.5,81.5
981,65.43999999999984,38439.088233654096,4.9e-322,0.001,0.99,64,0.995,200,13.5,86.5
982,41.95855944676427,38481.04679310075,4.9e-322,0.001,0.99,64,0.995,200,16.0,84.0
983,67.27999999999983,38548.32679310033,4.9e-322,0.001,0.99,64,0.995,200,15.5,84.5
984,70.75999999999983,38619.08679309994,4.9e-322,0.001,0.99,64,0.995,200,13.5,86.5
985,63.31999999999984,38682.406793099486,4.9e-322,0.001,0.99,64,0.995,200,17.0,83.0
986,24.56523877131085,38706.97203187085,4.9e-322,0.001,0.99,64,0.995,200,22.0,78.0
987,68.75999999999985,38775.73203187056,4.9e-322,0.001,0.99,64,0.995,200,12.5,87.5
988,60.88742217036403,38836.6194540409,4.9e-322,0.001,0.99,64,0.995,200,11.0,89.0
989,59.880503776082755,38896.49995781689,4.9e-322,0.001,0.99,64,0.995,200,12.0,88.0
990,45.97411875450388,38942.47407657107,4.9e-322,0.001,0.99,64,0.995,200,30.0,70.0
991,49.03628488889593,38991.51036145995,4.9e-322,0.001,0.99,64,0.995,200,9.5,90.5
992,64.2379540026914,39055.74831546219,4.9e-322,0.001,0.99,64,0.995,200,15.5,84.5
993,40.28154568413082,39096.02986114634,4.9e-322,0.001,0.99,64,0.995,200,23.0,77.0
994,-9.633366353957651,39086.39649479233,4.9e-322,0.001,0.99,64,0.995,200,21.5,78.5
995,32.723407708948415,39119.11990250133,4.9e-322,0.001,0.99,64,0.995,200,20.0,80.0
996,8.37729613717803,39127.49719863857,4.9e-322,0.001,0.99,64,0.995,200,24.0,76.0
997,35.83748664337408,39163.334685281705,4.9e-322,0.001,0.99,64,0.995,200,28.499999999999996,71.5
998,18.020953445820357,39181.35563872754,4.9e-322,0.001,0.99,64,0.995,200,21.0,79.0
999,23.940481183544595,39205.296119911065,4.9e-322,0.001,0.99,64,0.995,200,24.5,75.5
1000,45.63999999999988,39250.93611991071,4.9e-322,0.001,0.99,64,0.995,200,23.5,76.5
